ISO3,Country,Year,Green_Issuance_USD_B,Is_Region
ARE,United Arab Emirates,2012,0,FALSE
ARE,United Arab Emirates,2013,0,FALSE
ARE,United Arab Emirates,2014,0,FALSE
ARE,United Arab Emirates,2015,0,FALSE
ARE,United Arab Emirates,2016,0,FALSE
ARE,United Arab Emirates,2017,0.5870000123977661,FALSE
ARE,United Arab Emirates,2018,0,FALSE
ARE,United Arab Emirates,2019,1.270000047981739,FALSE
ARE,United Arab Emirates,2020,0.09677000343799592,FALSE
ARE,United Arab Emirates,2021,0.600610014051199,FALSE
ARE,United Arab Emirates,2022,3.1767500080168247,FALSE
ARE,United Arab Emirates,2023,8.70389997959137,FALSE
ARE,United Arab Emirates,2024,3.300000049173832,FALSE
ARG,Argentina,2012,0,FALSE
ARG,Argentina,2013,0,FALSE
ARG,Argentina,2014,0,FALSE
ARG,Argentina,2015,0,FALSE
ARG,Argentina,2016,0,FALSE
ARG,Argentina,2017,0.5370600055903196,FALSE
ARG,Argentina,2018,0.10000000149011612,FALSE
ARG,Argentina,2019,0,FALSE
ARG,Argentina,2020,0.0500200018286705,FALSE
ARG,Argentina,2021,0.4779899958521128,FALSE
ARG,Argentina,2022,0.34845999666140415,FALSE
ARG,Argentina,2023,0.42319999451137846,FALSE
ARG,Argentina,2024,0.11812499928055332,FALSE
ARM,Armenia,2012,0,FALSE
ARM,Armenia,2013,0,FALSE
ARM,Armenia,2014,0,FALSE
ARM,Armenia,2015,0,FALSE
ARM,Armenia,2016,0,FALSE
ARM,Armenia,2017,0,FALSE
ARM,Armenia,2018,0,FALSE
ARM,Armenia,2019,0,FALSE
ARM,Armenia,2020,0.05000000074505806,FALSE
ARM,Armenia,2021,0,FALSE
ARM,Armenia,2022,0,FALSE
ARM,Armenia,2023,0,FALSE
ARM,Armenia,2024,0,FALSE
BGD,Bangladesh,2012,0,FALSE
BGD,Bangladesh,2013,0,FALSE
BGD,Bangladesh,2014,0,FALSE
BGD,Bangladesh,2015,0,FALSE
BGD,Bangladesh,2016,0,FALSE
BGD,Bangladesh,2017,0,FALSE
BGD,Bangladesh,2018,0,FALSE
BGD,Bangladesh,2019,0,FALSE
BGD,Bangladesh,2020,0,FALSE
BGD,Bangladesh,2021,0.02873999997973442,FALSE
BGD,Bangladesh,2022,0,FALSE
BGD,Bangladesh,2023,0,FALSE
BGD,Bangladesh,2024,0,FALSE
BHR,Bahrain,2012,0,FALSE
BHR,Bahrain,2013,0,FALSE
BHR,Bahrain,2014,0,FALSE
BHR,Bahrain,2015,0,FALSE
BHR,Bahrain,2016,0,FALSE
BHR,Bahrain,2017,0,FALSE
BHR,Bahrain,2018,0,FALSE
BHR,Bahrain,2019,0,FALSE
BHR,Bahrain,2020,0,FALSE
BHR,Bahrain,2021,0,FALSE
BHR,Bahrain,2022,0.8999999761581421,FALSE
BHR,Bahrain,2023,0,FALSE
BHR,Bahrain,2024,0,FALSE
BIH,Bosnia and Herzegovina,2012,0,FALSE
BIH,Bosnia and Herzegovina,2013,0,FALSE
BIH,Bosnia and Herzegovina,2014,0,FALSE
BIH,Bosnia and Herzegovina,2015,0,FALSE
BIH,Bosnia and Herzegovina,2016,0,FALSE
BIH,Bosnia and Herzegovina,2017,0,FALSE
BIH,Bosnia and Herzegovina,2018,0,FALSE
BIH,Bosnia and Herzegovina,2019,0,FALSE
BIH,Bosnia and Herzegovina,2020,0,FALSE
BIH,Bosnia and Herzegovina,2021,0,FALSE
BIH,Bosnia and Herzegovina,2022,0,FALSE
BIH,Bosnia and Herzegovina,2023,0.00240000011399388,FALSE
BIH,Bosnia and Herzegovina,2024,0,FALSE
BOL,Bolivia,2012,0,FALSE
BOL,Bolivia,2013,0,FALSE
BOL,Bolivia,2014,0,FALSE
BOL,Bolivia,2015,0,FALSE
BOL,Bolivia,2016,0,FALSE
BOL,Bolivia,2017,0,FALSE
BOL,Bolivia,2018,0,FALSE
BOL,Bolivia,2019,0,FALSE
BOL,Bolivia,2020,0,FALSE
BOL,Bolivia,2021,0,FALSE
BOL,Bolivia,2022,0,FALSE
BOL,Bolivia,2023,0.01450000004842877,FALSE
BOL,Bolivia,2024,0,FALSE
BRA,Brazil,2012,0,FALSE
BRA,Brazil,2013,0,FALSE
BRA,Brazil,2014,0,FALSE
BRA,Brazil,2015,0.5637500286102295,FALSE
BRA,Brazil,2016,0.8566800057888031,FALSE
BRA,Brazil,2017,2.540009987074882,FALSE
BRA,Brazil,2018,0.2098700013011694,FALSE
BRA,Brazil,2019,1.258789997547865,FALSE
BRA,Brazil,2020,2.69930001301691,FALSE
BRA,Brazil,2021,1.9838000087765977,FALSE
BRA,Brazil,2022,3.268490072339773,FALSE
BRA,Brazil,2023,4.69329999294132,FALSE
BRA,Brazil,2024,7.242936967872083,FALSE
BRB,Barbados,2012,0,FALSE
BRB,Barbados,2013,0,FALSE
BRB,Barbados,2014,0,FALSE
BRB,Barbados,2015,0,FALSE
BRB,Barbados,2016,0,FALSE
BRB,Barbados,2017,0,FALSE
BRB,Barbados,2018,0.0020000000949949,FALSE
BRB,Barbados,2019,0.00374999991618096,FALSE
BRB,Barbados,2020,0.0060000002849847,FALSE
BRB,Barbados,2021,0.00700000021606683,FALSE
BRB,Barbados,2022,0,FALSE
BRB,Barbados,2023,0,FALSE
BRB,Barbados,2024,0,FALSE
CHL,Chile,2012,0,FALSE
CHL,Chile,2013,0,FALSE
CHL,Chile,2014,0,FALSE
CHL,Chile,2015,0,FALSE
CHL,Chile,2016,0,FALSE
CHL,Chile,2017,0.8790000081062317,FALSE
CHL,Chile,2018,0,FALSE
CHL,Chile,2019,2.9479499831795692,FALSE
CHL,Chile,2020,4.063630014657974,FALSE
CHL,Chile,2021,5.693600069731474,FALSE
CHL,Chile,2022,1.3604199638757564,FALSE
CHL,Chile,2023,1.610400002449751,FALSE
CHL,Chile,2024,2.55130996927619,FALSE
CHN,China,2012,0,FALSE
CHN,China,2013,0,FALSE
CHN,China,2014,0,FALSE
CHN,China,2015,1.2945200204849243,FALSE
CHN,China,2016,15.706500008702278,FALSE
CHN,China,2017,14.309100084006786,FALSE
CHN,China,2018,21.59581995755434,FALSE
CHN,China,2019,21.148780090734363,FALSE
CHN,China,2020,11.724640080705283,FALSE
CHN,China,2021,41.89258011803031,FALSE
CHN,China,2022,75.66196327249054,FALSE
CHN,China,2023,89.570259406697,FALSE
CHN,China,2024,59.66440022201277,FALSE
CIV,Cote d'Ivoire,2012,0,FALSE
CIV,Cote d'Ivoire,2013,0,FALSE
CIV,Cote d'Ivoire,2014,0,FALSE
CIV,Cote d'Ivoire,2015,0,FALSE
CIV,Cote d'Ivoire,2016,0,FALSE
CIV,Cote d'Ivoire,2017,0,FALSE
CIV,Cote d'Ivoire,2018,0,FALSE
CIV,Cote d'Ivoire,2019,0,FALSE
CIV,Cote d'Ivoire,2020,0,FALSE
CIV,Cote d'Ivoire,2021,0.01788000017404556,FALSE
CIV,Cote d'Ivoire,2022,0,FALSE
CIV,Cote d'Ivoire,2023,0,FALSE
CIV,Cote d'Ivoire,2024,0,FALSE
COL,Colombia,2012,0,FALSE
COL,Colombia,2013,0,FALSE
COL,Colombia,2014,0,FALSE
COL,Colombia,2015,0,FALSE
COL,Colombia,2016,0.11520999670028688,FALSE
COL,Colombia,2017,0.21571000665426257,FALSE
COL,Colombia,2018,0.12832000106573105,FALSE
COL,Colombia,2019,0,FALSE
COL,Colombia,2020,0.2085300050675869,FALSE
COL,Colombia,2021,0.3992999941110611,FALSE
COL,Colombia,2022,0.03345999959856272,FALSE
COL,Colombia,2023,0.2969999946653843,FALSE
COL,Colombia,2024,0.01499999966472387,FALSE
CPV,Cabo Verde,2012,0,FALSE
CPV,Cabo Verde,2013,0,FALSE
CPV,Cabo Verde,2014,0,FALSE
CPV,Cabo Verde,2015,0,FALSE
CPV,Cabo Verde,2016,0,FALSE
CPV,Cabo Verde,2017,0,FALSE
CPV,Cabo Verde,2018,0,FALSE
CPV,Cabo Verde,2019,0,FALSE
CPV,Cabo Verde,2020,0,FALSE
CPV,Cabo Verde,2021,0,FALSE
CPV,Cabo Verde,2022,0,FALSE
CPV,Cabo Verde,2023,0.00499999988824129,FALSE
CPV,Cabo Verde,2024,0,FALSE
CRI,Costa Rica,2012,0,FALSE
CRI,Costa Rica,2013,0,FALSE
CRI,Costa Rica,2014,0,FALSE
CRI,Costa Rica,2015,0,FALSE
CRI,Costa Rica,2016,0.5,FALSE
CRI,Costa Rica,2017,0,FALSE
CRI,Costa Rica,2018,0,FALSE
CRI,Costa Rica,2019,0.00350000010803341,FALSE
CRI,Costa Rica,2020,0,FALSE
CRI,Costa Rica,2021,0,FALSE
CRI,Costa Rica,2022,0,FALSE
CRI,Costa Rica,2023,0,FALSE
CRI,Costa Rica,2024,0.05000000074505806,FALSE
CYP,Cyprus,2012,0,FALSE
CYP,Cyprus,2013,0,FALSE
CYP,Cyprus,2014,0,FALSE
CYP,Cyprus,2015,0,FALSE
CYP,Cyprus,2016,0,FALSE
CYP,Cyprus,2017,0,FALSE
CYP,Cyprus,2018,0,FALSE
CYP,Cyprus,2019,0,FALSE
CYP,Cyprus,2020,0,FALSE
CYP,Cyprus,2021,0,FALSE
CYP,Cyprus,2022,0,FALSE
CYP,Cyprus,2023,0.00809999974444508,FALSE
CYP,Cyprus,2024,0.3215000033378601,FALSE
CZE,Czechia,2012,0,FALSE
CZE,Czechia,2013,0,FALSE
CZE,Czechia,2014,0,FALSE
CZE,Czechia,2015,0,FALSE
CZE,Czechia,2016,0,FALSE
CZE,Czechia,2017,0,FALSE
CZE,Czechia,2018,0,FALSE
CZE,Czechia,2019,0.8326699733734131,FALSE
CZE,Czechia,2020,2.5076999962329865,FALSE
CZE,Czechia,2021,3.977530032396317,FALSE
CZE,Czechia,2022,0.5514600053429604,FALSE
CZE,Czechia,2023,1.0809999704360962,FALSE
CZE,Czechia,2024,2.2033930495381355,FALSE
DOM,Dominican Republic,2012,0,FALSE
DOM,Dominican Republic,2013,0,FALSE
DOM,Dominican Republic,2014,0,FALSE
DOM,Dominican Republic,2015,0,FALSE
DOM,Dominican Republic,2016,0,FALSE
DOM,Dominican Republic,2017,0,FALSE
DOM,Dominican Republic,2018,0,FALSE
DOM,Dominican Republic,2019,0,FALSE
DOM,Dominican Republic,2020,0,FALSE
DOM,Dominican Republic,2021,0.01999999955296516,FALSE
DOM,Dominican Republic,2022,0,FALSE
DOM,Dominican Republic,2023,0,FALSE
DOM,Dominican Republic,2024,0.755044000223279,FALSE
EAP_EX_CHN,EAP excluding China,2012,0,TRUE
EAP_EX_CHN,EAP excluding China,2013,0,TRUE
EAP_EX_CHN,EAP excluding China,2014,0,TRUE
EAP_EX_CHN,EAP excluding China,2015,1.151200000196695,TRUE
EAP_EX_CHN,EAP excluding China,2016,1.8241099999286232,TRUE
EAP_EX_CHN,EAP excluding China,2017,5.232829972170293,TRUE
EAP_EX_CHN,EAP excluding China,2018,3.3876899695023894,TRUE
EAP_EX_CHN,EAP excluding China,2019,6.6048300471156836,TRUE
EAP_EX_CHN,EAP excluding China,2020,4.2737699976423755,TRUE
EAP_EX_CHN,EAP excluding China,2021,9.101570001104848,TRUE
EAP_EX_CHN,EAP excluding China,2022,6.075429999269545,TRUE
EAP_EX_CHN,EAP excluding China,2023,9.917600016196957,TRUE
EAP_EX_CHN,EAP excluding China,2024,7.9870491046094685,TRUE
ECA,Europe & Central Asia (excluding high income),2012,0,TRUE
ECA,Europe & Central Asia (excluding high income),2013,0,TRUE
ECA,Europe & Central Asia (excluding high income),2014,0,TRUE
ECA,Europe & Central Asia (excluding high income),2015,0.14069000259041786,TRUE
ECA,Europe & Central Asia (excluding high income),2016,0.8075500000268221,TRUE
ECA,Europe & Central Asia (excluding high income),2017,0.5346699859946966,TRUE
ECA,Europe & Central Asia (excluding high income),2018,1.70551997423172,TRUE
ECA,Europe & Central Asia (excluding high income),2019,4.3501099441200495,TRUE
ECA,Europe & Central Asia (excluding high income),2020,6.5516699931176845,TRUE
ECA,Europe & Central Asia (excluding high income),2021,14.844410096644424,TRUE
ECA,Europe & Central Asia (excluding high income),2022,6.476300022564828,TRUE
ECA,Europe & Central Asia (excluding high income),2023,9.719499961473048,TRUE
ECA,Europe & Central Asia (excluding high income),2024,13.225882953964174,TRUE
ECU,Ecuador,2012,0,FALSE
ECU,Ecuador,2013,0,FALSE
ECU,Ecuador,2014,0,FALSE
ECU,Ecuador,2015,0,FALSE
ECU,Ecuador,2016,0,FALSE
ECU,Ecuador,2017,0,FALSE
ECU,Ecuador,2018,0,FALSE
ECU,Ecuador,2019,0.15000000596046448,FALSE
ECU,Ecuador,2020,0,FALSE
ECU,Ecuador,2021,0,FALSE
ECU,Ecuador,2022,0.09400000353343783,FALSE
ECU,Ecuador,2023,0.8160000145435333,FALSE
ECU,Ecuador,2024,0,FALSE
EGY,"Egypt, Arab Rep.",2012,0,FALSE
EGY,"Egypt, Arab Rep.",2013,0,FALSE
EGY,"Egypt, Arab Rep.",2014,0,FALSE
EGY,"Egypt, Arab Rep.",2015,0,FALSE
EGY,"Egypt, Arab Rep.",2016,0,FALSE
EGY,"Egypt, Arab Rep.",2017,0,FALSE
EGY,"Egypt, Arab Rep.",2018,0,FALSE
EGY,"Egypt, Arab Rep.",2019,0,FALSE
EGY,"Egypt, Arab Rep.",2020,0.75,FALSE
EGY,"Egypt, Arab Rep.",2021,0.10000000149011612,FALSE
EGY,"Egypt, Arab Rep.",2022,0,FALSE
EGY,"Egypt, Arab Rep.",2023,0,FALSE
EGY,"Egypt, Arab Rep.",2024,0,FALSE
EST,Estonia,2012,0,FALSE
EST,Estonia,2013,0,FALSE
EST,Estonia,2014,0,FALSE
EST,Estonia,2015,0.05575999990105629,FALSE
EST,Estonia,2016,0,FALSE
EST,Estonia,2017,0,FALSE
EST,Estonia,2018,0,FALSE
EST,Estonia,2019,0,FALSE
EST,Estonia,2020,0,FALSE
EST,Estonia,2021,0,FALSE
EST,Estonia,2022,0.1657000035047531,FALSE
EST,Estonia,2023,0,FALSE
EST,Estonia,2024,0.44297500140964985,FALSE
FJI,Fiji,2012,0,FALSE
FJI,Fiji,2013,0,FALSE
FJI,Fiji,2014,0,FALSE
FJI,Fiji,2015,0,FALSE
FJI,Fiji,2016,0,FALSE
FJI,Fiji,2017,0.04807000141590834,FALSE
FJI,Fiji,2018,0,FALSE
FJI,Fiji,2019,0,FALSE
FJI,Fiji,2020,0,FALSE
FJI,Fiji,2021,0,FALSE
FJI,Fiji,2022,0,FALSE
FJI,Fiji,2023,0.00870000012218952,FALSE
FJI,Fiji,2024,0,FALSE
GAB,Gabon,2012,0,FALSE
GAB,Gabon,2013,0,FALSE
GAB,Gabon,2014,0,FALSE
GAB,Gabon,2015,0,FALSE
GAB,Gabon,2016,0,FALSE
GAB,Gabon,2017,0,FALSE
GAB,Gabon,2018,0,FALSE
GAB,Gabon,2019,0,FALSE
GAB,Gabon,2020,0,FALSE
GAB,Gabon,2021,0,FALSE
GAB,Gabon,2022,0,FALSE
GAB,Gabon,2023,0.5,FALSE
GAB,Gabon,2024,0,FALSE
GEO,Georgia,2012,0,FALSE
GEO,Georgia,2013,0,FALSE
GEO,Georgia,2014,0,FALSE
GEO,Georgia,2015,0,FALSE
GEO,Georgia,2016,0,FALSE
GEO,Georgia,2017,0,FALSE
GEO,Georgia,2018,0,FALSE
GEO,Georgia,2019,0,FALSE
GEO,Georgia,2020,0.25,FALSE
GEO,Georgia,2021,0.5,FALSE
GEO,Georgia,2022,0,FALSE
GEO,Georgia,2023,0.00749999983236193,FALSE
GEO,Georgia,2024,0.30000001192092896,FALSE
GTM,Guatemala,2012,0,FALSE
GTM,Guatemala,2013,0,FALSE
GTM,Guatemala,2014,0,FALSE
GTM,Guatemala,2015,0,FALSE
GTM,Guatemala,2016,0,FALSE
GTM,Guatemala,2017,0,FALSE
GTM,Guatemala,2018,0,FALSE
GTM,Guatemala,2019,0,FALSE
GTM,Guatemala,2020,0,FALSE
GTM,Guatemala,2021,0.699999988079071,FALSE
GTM,Guatemala,2022,0,FALSE
GTM,Guatemala,2023,0,FALSE
GTM,Guatemala,2024,0,FALSE
HRV,Croatia,2012,0,FALSE
HRV,Croatia,2013,0,FALSE
HRV,Croatia,2014,0,FALSE
HRV,Croatia,2015,0,FALSE
HRV,Croatia,2016,0,FALSE
HRV,Croatia,2017,0,FALSE
HRV,Croatia,2018,0,FALSE
HRV,Croatia,2019,0,FALSE
HRV,Croatia,2020,0,FALSE
HRV,Croatia,2021,0,FALSE
HRV,Croatia,2022,0,FALSE
HRV,Croatia,2023,0,FALSE
HRV,Croatia,2024,0.4339799880981446,FALSE
HUN,Hungary,2012,0,FALSE
HUN,Hungary,2013,0,FALSE
HUN,Hungary,2014,0,FALSE
HUN,Hungary,2015,0,FALSE
HUN,Hungary,2016,0,FALSE
HUN,Hungary,2017,0,FALSE
HUN,Hungary,2018,0,FALSE
HUN,Hungary,2019,0,FALSE
HUN,Hungary,2020,2.192440029233694,FALSE
HUN,Hungary,2021,1.1618300303816795,FALSE
HUN,Hungary,2022,3.3126100078225136,FALSE
HUN,Hungary,2023,1.0902000064961612,FALSE
HUN,Hungary,2024,2.8307059230282903,FALSE
IDN,Indonesia,2012,0,FALSE
IDN,Indonesia,2013,0,FALSE
IDN,Indonesia,2014,0,FALSE
IDN,Indonesia,2015,0,FALSE
IDN,Indonesia,2016,0,FALSE
IDN,Indonesia,2017,0,FALSE
IDN,Indonesia,2018,2.1014999886974692,FALSE
IDN,Indonesia,2019,0.75,FALSE
IDN,Indonesia,2020,1.8600000143051147,FALSE
IDN,Indonesia,2021,0.75,FALSE
IDN,Indonesia,2022,2.575979992747307,FALSE
IDN,Indonesia,2023,2.0896999965043506,FALSE
IDN,Indonesia,2024,1.3050700177773251,FALSE
IND,India,2012,0,FALSE
IND,India,2013,0,FALSE
IND,India,2014,0,FALSE
IND,India,2015,1.151200000196695,FALSE
IND,India,2016,1.571349999634549,FALSE
IND,India,2017,4.279309969395399,FALSE
IND,India,2018,0.6999999769032001,FALSE
IND,India,2019,3.195590026676655,FALSE
IND,India,2020,0.9163999771699308,FALSE
IND,India,2021,5.935979994246736,FALSE
IND,India,2022,2.174560010433197,FALSE
IND,India,2023,5.082200018223375,FALSE
IND,India,2024,4.552730061579496,FALSE
JOR,Jordan,2012,0,FALSE
JOR,Jordan,2013,0,FALSE
JOR,Jordan,2014,0,FALSE
JOR,Jordan,2015,0,FALSE
JOR,Jordan,2016,0,FALSE
JOR,Jordan,2017,0,FALSE
JOR,Jordan,2018,0,FALSE
JOR,Jordan,2019,0,FALSE
JOR,Jordan,2020,0,FALSE
JOR,Jordan,2021,0,FALSE
JOR,Jordan,2022,0,FALSE
JOR,Jordan,2023,0.05000000074505806,FALSE
JOR,Jordan,2024,0,FALSE
KAZ,Kazakhstan,2012,0,FALSE
KAZ,Kazakhstan,2013,0,FALSE
KAZ,Kazakhstan,2014,0,FALSE
KAZ,Kazakhstan,2015,0,FALSE
KAZ,Kazakhstan,2016,0,FALSE
KAZ,Kazakhstan,2017,0,FALSE
KAZ,Kazakhstan,2018,0,FALSE
KAZ,Kazakhstan,2019,0,FALSE
KAZ,Kazakhstan,2020,4.6999999904073775e-4,FALSE
KAZ,Kazakhstan,2021,0,FALSE
KAZ,Kazakhstan,2022,0,FALSE
KAZ,Kazakhstan,2023,0.11590000055730344,FALSE
KAZ,Kazakhstan,2024,0.00630099978297948,FALSE
KEN,Kenya,2012,0,FALSE
KEN,Kenya,2013,0,FALSE
KEN,Kenya,2014,0,FALSE
KEN,Kenya,2015,0,FALSE
KEN,Kenya,2016,0,FALSE
KEN,Kenya,2017,0,FALSE
KEN,Kenya,2018,0,FALSE
KEN,Kenya,2019,0.04149999842047691,FALSE
KEN,Kenya,2020,0,FALSE
KEN,Kenya,2021,0.01664000004529953,FALSE
KEN,Kenya,2022,0,FALSE
KEN,Kenya,2023,0,FALSE
KEN,Kenya,2024,0,FALSE
KGZ,Kyrgyz Republic,2012,0,FALSE
KGZ,Kyrgyz Republic,2013,0,FALSE
KGZ,Kyrgyz Republic,2014,0,FALSE
KGZ,Kyrgyz Republic,2015,0,FALSE
KGZ,Kyrgyz Republic,2016,0,FALSE
KGZ,Kyrgyz Republic,2017,0,FALSE
KGZ,Kyrgyz Republic,2018,0,FALSE
KGZ,Kyrgyz Republic,2019,0,FALSE
KGZ,Kyrgyz Republic,2020,0,FALSE
KGZ,Kyrgyz Republic,2021,0,FALSE
KGZ,Kyrgyz Republic,2022,0,FALSE
KGZ,Kyrgyz Republic,2023,0.00100000004749745,FALSE
KGZ,Kyrgyz Republic,2024,0,FALSE
KHM,Cambodia,2012,0,FALSE
KHM,Cambodia,2013,0,FALSE
KHM,Cambodia,2014,0,FALSE
KHM,Cambodia,2015,0,FALSE
KHM,Cambodia,2016,0,FALSE
KHM,Cambodia,2017,0,FALSE
KHM,Cambodia,2018,0,FALSE
KHM,Cambodia,2019,0,FALSE
KHM,Cambodia,2020,0,FALSE
KHM,Cambodia,2021,0,FALSE
KHM,Cambodia,2022,0,FALSE
KHM,Cambodia,2023,0.00150000001303851,FALSE
KHM,Cambodia,2024,0,FALSE
KWT,Kuwait,2012,0,FALSE
KWT,Kuwait,2013,0,FALSE
KWT,Kuwait,2014,0,FALSE
KWT,Kuwait,2015,0,FALSE
KWT,Kuwait,2016,0,FALSE
KWT,Kuwait,2017,0,FALSE
KWT,Kuwait,2018,0,FALSE
KWT,Kuwait,2019,0,FALSE
KWT,Kuwait,2020,0,FALSE
KWT,Kuwait,2021,0,FALSE
KWT,Kuwait,2022,0,FALSE
KWT,Kuwait,2023,0,FALSE
KWT,Kuwait,2024,0.5,FALSE
LAC,Latin America & Caribbean (excluding high income),2012,0,TRUE
LAC,Latin America & Caribbean (excluding high income),2013,0,TRUE
LAC,Latin America & Caribbean (excluding high income),2014,0.2039999961853027,TRUE
LAC,Latin America & Caribbean (excluding high income),2015,1.0637500286102295,TRUE
LAC,Latin America & Caribbean (excluding high income),2016,1.6285700015723703,TRUE
LAC,Latin America & Caribbean (excluding high income),2017,4.171780007425696,TRUE
LAC,Latin America & Caribbean (excluding high income),2018,1.324439983582124,TRUE
LAC,Latin America & Caribbean (excluding high income),2019,5.787270015338436,TRUE
LAC,Latin America & Caribbean (excluding high income),2020,9.017930013360456,TRUE
LAC,Latin America & Caribbean (excluding high income),2021,10.084750068257565,TRUE
LAC,Latin America & Caribbean (excluding high income),2022,5.134830035338382,TRUE
LAC,Latin America & Caribbean (excluding high income),2023,9.638299988138897,TRUE
LAC,Latin America & Caribbean (excluding high income),2024,12.147105973388534,TRUE
LAO,Lao PDR,2012,0,FALSE
LAO,Lao PDR,2013,0,FALSE
LAO,Lao PDR,2014,0,FALSE
LAO,Lao PDR,2015,0,FALSE
LAO,Lao PDR,2016,0,FALSE
LAO,Lao PDR,2017,0,FALSE
LAO,Lao PDR,2018,0,FALSE
LAO,Lao PDR,2019,0,FALSE
LAO,Lao PDR,2020,0,FALSE
LAO,Lao PDR,2021,0,FALSE
LAO,Lao PDR,2022,0,FALSE
LAO,Lao PDR,2023,0.0963999992236495,FALSE
LAO,Lao PDR,2024,0,FALSE
LBN,Lebanon,2012,0,FALSE
LBN,Lebanon,2013,0,FALSE
LBN,Lebanon,2014,0,FALSE
LBN,Lebanon,2015,0,FALSE
LBN,Lebanon,2016,0,FALSE
LBN,Lebanon,2017,0,FALSE
LBN,Lebanon,2018,0.05999999865889549,FALSE
LBN,Lebanon,2019,0,FALSE
LBN,Lebanon,2020,0,FALSE
LBN,Lebanon,2021,0,FALSE
LBN,Lebanon,2022,0,FALSE
LBN,Lebanon,2023,0,FALSE
LBN,Lebanon,2024,0,FALSE
LKA,Sri Lanka,2012,0,FALSE
LKA,Sri Lanka,2013,0,FALSE
LKA,Sri Lanka,2014,0,FALSE
LKA,Sri Lanka,2015,0,FALSE
LKA,Sri Lanka,2016,0,FALSE
LKA,Sri Lanka,2017,0,FALSE
LKA,Sri Lanka,2018,0,FALSE
LKA,Sri Lanka,2019,0,FALSE
LKA,Sri Lanka,2020,0,FALSE
LKA,Sri Lanka,2021,0,FALSE
LKA,Sri Lanka,2022,0,FALSE
LKA,Sri Lanka,2023,0,FALSE
LKA,Sri Lanka,2024,0.00827000010758638,FALSE
LTU,Lithuania,2012,0,FALSE
LTU,Lithuania,2013,0,FALSE
LTU,Lithuania,2014,0,FALSE
LTU,Lithuania,2015,0,FALSE
LTU,Lithuania,2016,0,FALSE
LTU,Lithuania,2017,0.34226998686790466,FALSE
LTU,Lithuania,2018,0.3762399852275848,FALSE
LTU,Lithuania,2019,0.02229999937117099,FALSE
LTU,Lithuania,2020,0.05334999971091747,FALSE
LTU,Lithuania,2021,0.02817999944090843,FALSE
LTU,Lithuania,2022,0.01568999979645013,FALSE
LTU,Lithuania,2023,0.01410000026226043,FALSE
LTU,Lithuania,2024,0,FALSE
LVA,Latvia,2012,0,FALSE
LVA,Latvia,2013,0,FALSE
LVA,Latvia,2014,0,FALSE
LVA,Latvia,2015,0.08493000268936157,FALSE
LVA,Latvia,2016,0.0284499991685152,FALSE
LVA,Latvia,2017,0.02369000017642975,FALSE
LVA,Latvia,2018,0,FALSE
LVA,Latvia,2019,0,FALSE
LVA,Latvia,2020,0,FALSE
LVA,Latvia,2021,0.17733999714255333,FALSE
LVA,Latvia,2022,0.10510999709367752,FALSE
LVA,Latvia,2023,0.05310000106692314,FALSE
LVA,Latvia,2024,0,FALSE
MAR,Morocco,2012,0,FALSE
MAR,Morocco,2013,0,FALSE
MAR,Morocco,2014,0,FALSE
MAR,Morocco,2015,0,FALSE
MAR,Morocco,2016,0.16696999594569206,FALSE
MAR,Morocco,2017,0.15087999403476715,FALSE
MAR,Morocco,2018,0.03798000141978264,FALSE
MAR,Morocco,2019,0,FALSE
MAR,Morocco,2020,0,FALSE
MAR,Morocco,2021,0,FALSE
MAR,Morocco,2022,0.09328000247478484,FALSE
MAR,Morocco,2023,0,FALSE
MAR,Morocco,2024,0,FALSE
MEX,Mexico,2012,0,FALSE
MEX,Mexico,2013,0,FALSE
MEX,Mexico,2014,0,FALSE
MEX,Mexico,2015,0.5,FALSE
MEX,Mexico,2016,0.15667999908328056,FALSE
MEX,Mexico,2017,0,FALSE
MEX,Mexico,2018,0.7458499781787395,FALSE
MEX,Mexico,2019,0.12897999584674835,FALSE
MEX,Mexico,2020,1.2647899873554709,FALSE
MEX,Mexico,2021,0.8030600119382143,FALSE
MEX,Mexico,2022,0,FALSE
MEX,Mexico,2023,1.6488999892026186,FALSE
MEX,Mexico,2024,1.3546900358051062,FALSE
MKD,North Macedonia,2012,0,FALSE
MKD,North Macedonia,2013,0,FALSE
MKD,North Macedonia,2014,0,FALSE
MKD,North Macedonia,2015,0,FALSE
MKD,North Macedonia,2016,0,FALSE
MKD,North Macedonia,2017,0,FALSE
MKD,North Macedonia,2018,0,FALSE
MKD,North Macedonia,2019,0,FALSE
MKD,North Macedonia,2020,0,FALSE
MKD,North Macedonia,2021,0,FALSE
MKD,North Macedonia,2022,0,FALSE
MKD,North Macedonia,2023,0.01020000036805868,FALSE
MKD,North Macedonia,2024,0,FALSE
MLT,Malta,2012,0,FALSE
MLT,Malta,2013,0,FALSE
MLT,Malta,2014,0,FALSE
MLT,Malta,2015,0,FALSE
MLT,Malta,2016,0,FALSE
MLT,Malta,2017,0,FALSE
MLT,Malta,2018,0,FALSE
MLT,Malta,2019,0,FALSE
MLT,Malta,2020,0,FALSE
MLT,Malta,2021,0,FALSE
MLT,Malta,2022,0,FALSE
MLT,Malta,2023,0.02700000070035457,FALSE
MLT,Malta,2024,0,FALSE
MNA,Middle East & North Africa (excluding high income),2012,0,TRUE
MNA,Middle East & North Africa (excluding high income),2013,0,TRUE
MNA,Middle East & North Africa (excluding high income),2014,0,TRUE
MNA,Middle East & North Africa (excluding high income),2015,0,TRUE
MNA,Middle East & North Africa (excluding high income),2016,0.16696999594569206,TRUE
MNA,Middle East & North Africa (excluding high income),2017,0.7378800064325333,TRUE
MNA,Middle East & North Africa (excluding high income),2018,0.09798000007867812,TRUE
MNA,Middle East & North Africa (excluding high income),2019,1.270000047981739,TRUE
MNA,Middle East & North Africa (excluding high income),2020,2.14676995575428,TRUE
MNA,Middle East & North Africa (excluding high income),2021,0.7006100155413151,TRUE
MNA,Middle East & North Africa (excluding high income),2022,7.230029985308647,TRUE
MNA,Middle East & North Africa (excluding high income),2023,15.453900028020144,TRUE
MNA,Middle East & North Africa (excluding high income),2024,5.050000049173832,TRUE
MNG,Mongolia,2012,0,FALSE
MNG,Mongolia,2013,0,FALSE
MNG,Mongolia,2014,0,FALSE
MNG,Mongolia,2015,0,FALSE
MNG,Mongolia,2016,0,FALSE
MNG,Mongolia,2017,0,FALSE
MNG,Mongolia,2018,0,FALSE
MNG,Mongolia,2019,0,FALSE
MNG,Mongolia,2020,0,FALSE
MNG,Mongolia,2021,0,FALSE
MNG,Mongolia,2022,0,FALSE
MNG,Mongolia,2023,0.05999999865889549,FALSE
MNG,Mongolia,2024,0.03999999910593033,FALSE
MYS,Malaysia,2012,0,FALSE
MYS,Malaysia,2013,0,FALSE
MYS,Malaysia,2014,0,FALSE
MYS,Malaysia,2015,0,FALSE
MYS,Malaysia,2016,0,FALSE
MYS,Malaysia,2017,0.7554499953985214,FALSE
MYS,Malaysia,2018,0.22319000214338303,FALSE
MYS,Malaysia,2019,0.4268100019544363,FALSE
MYS,Malaysia,2020,0.12340000050608067,FALSE
MYS,Malaysia,2021,0.30807000398635864,FALSE
MYS,Malaysia,2022,0.25152999721467495,FALSE
MYS,Malaysia,2023,0.6525999997829786,FALSE
MYS,Malaysia,2024,0.2197099981131032,FALSE
NAM,Namibia,2012,0,FALSE
NAM,Namibia,2013,0,FALSE
NAM,Namibia,2014,0,FALSE
NAM,Namibia,2015,0,FALSE
NAM,Namibia,2016,0,FALSE
NAM,Namibia,2017,0,FALSE
NAM,Namibia,2018,0.00480999983847141,FALSE
NAM,Namibia,2019,0,FALSE
NAM,Namibia,2020,0,FALSE
NAM,Namibia,2021,0,FALSE
NAM,Namibia,2022,0.03169000009074807,FALSE
NAM,Namibia,2023,0,FALSE
NAM,Namibia,2024,0,FALSE
NGA,Nigeria,2012,0,FALSE
NGA,Nigeria,2013,0,FALSE
NGA,Nigeria,2014,0,FALSE
NGA,Nigeria,2015,0,FALSE
NGA,Nigeria,2016,0,FALSE
NGA,Nigeria,2017,0.0297200009226799,FALSE
NGA,Nigeria,2018,0,FALSE
NGA,Nigeria,2019,0.10356999933719636,FALSE
NGA,Nigeria,2020,0,FALSE
NGA,Nigeria,2021,0.0221400000154972,FALSE
NGA,Nigeria,2022,0.05000000074505806,FALSE
NGA,Nigeria,2023,0,FALSE
NGA,Nigeria,2024,0.00700000021606683,FALSE
PAK,Pakistan,2012,0,FALSE
PAK,Pakistan,2013,0,FALSE
PAK,Pakistan,2014,0,FALSE
PAK,Pakistan,2015,0,FALSE
PAK,Pakistan,2016,0,FALSE
PAK,Pakistan,2017,0,FALSE
PAK,Pakistan,2018,0,FALSE
PAK,Pakistan,2019,0,FALSE
PAK,Pakistan,2020,0,FALSE
PAK,Pakistan,2021,0.5,FALSE
PAK,Pakistan,2022,0,FALSE
PAK,Pakistan,2023,0,FALSE
PAK,Pakistan,2024,0,FALSE
PAN,Panama,2012,0,FALSE
PAN,Panama,2013,0,FALSE
PAN,Panama,2014,0,FALSE
PAN,Panama,2015,0,FALSE
PAN,Panama,2016,0,FALSE
PAN,Panama,2017,0,FALSE
PAN,Panama,2018,0,FALSE
PAN,Panama,2019,0.04199999943375587,FALSE
PAN,Panama,2020,0.27265999699011445,FALSE
PAN,Panama,2021,0,FALSE
PAN,Panama,2022,0,FALSE
PAN,Panama,2023,0.13499999977648258,FALSE
PAN,Panama,2024,0.06000000052154064,FALSE
PER,Peru,2012,0,FALSE
PER,Peru,2013,0,FALSE
PER,Peru,2014,0.2039999961853027,FALSE
PER,Peru,2015,0,FALSE
PER,Peru,2016,0,FALSE
PER,Peru,2017,0,FALSE
PER,Peru,2018,0.02999999932944774,FALSE
PER,Peru,2019,1.2523000333458183,FALSE
PER,Peru,2020,0.20000000298023224,FALSE
PER,Peru,2021,0,FALSE
PER,Peru,2022,0.02999999932944774,FALSE
PER,Peru,2023,0,FALSE
PER,Peru,2024,0,FALSE
PHL,Philippines,2012,0,FALSE
PHL,Philippines,2013,0,FALSE
PHL,Philippines,2014,0,FALSE
PHL,Philippines,2015,0,FALSE
PHL,Philippines,2016,0.2257400006055832,FALSE
PHL,Philippines,2017,0.15000000596046448,FALSE
PHL,Philippines,2018,0.15000000596046448,FALSE
PHL,Philippines,2019,1.498050019145012,FALSE
PHL,Philippines,2020,0.4191700108349323,FALSE
PHL,Philippines,2021,0.5030400082468987,FALSE
PHL,Philippines,2022,0.2251600008457899,FALSE
PHL,Philippines,2023,0.3325999975204468,FALSE
PHL,Philippines,2024,0.4288599975407123,FALSE
POL,Poland,2012,0,FALSE
POL,Poland,2013,0,FALSE
POL,Poland,2014,0,FALSE
POL,Poland,2015,0,FALSE
POL,Poland,2016,0.7791000008583069,FALSE
POL,Poland,2017,0.15399999916553497,FALSE
POL,Poland,2018,1.2441999912261963,FALSE
POL,Poland,2019,2.4781799986958504,FALSE
POL,Poland,2020,0,FALSE
POL,Poland,2021,2.718880046159029,FALSE
POL,Poland,2022,0.5774100199341774,FALSE
POL,Poland,2023,2.053800005465746,FALSE
POL,Poland,2024,3.2269839318469167,FALSE
ROU,Romania,2012,0,FALSE
ROU,Romania,2013,0,FALSE
ROU,Romania,2014,0,FALSE
ROU,Romania,2015,0,FALSE
ROU,Romania,2016,0,FALSE
ROU,Romania,2017,0,FALSE
ROU,Romania,2018,0,FALSE
ROU,Romania,2019,0,FALSE
ROU,Romania,2020,1.0410999655723572,FALSE
ROU,Romania,2021,0.8844500108389184,FALSE
ROU,Romania,2022,0.8246299922466278,FALSE
ROU,Romania,2023,0.7773999758064747,FALSE
ROU,Romania,2024,2.937830036506057,FALSE
RUS,Russian Federation,2012,0,FALSE
RUS,Russian Federation,2013,0,FALSE
RUS,Russian Federation,2014,0,FALSE
RUS,Russian Federation,2015,0,FALSE
RUS,Russian Federation,2016,0,FALSE
RUS,Russian Federation,2017,0,FALSE
RUS,Russian Federation,2018,0,FALSE
RUS,Russian Federation,2019,0.5591099858283997,FALSE
RUS,Russian Federation,2020,0.3566100001335144,FALSE
RUS,Russian Federation,2021,1.631950005888939,FALSE
RUS,Russian Federation,2022,0,FALSE
RUS,Russian Federation,2023,0,FALSE
RUS,Russian Federation,2024,0,FALSE
SAU,Saudi Arabia,2012,0,FALSE
SAU,Saudi Arabia,2013,0,FALSE
SAU,Saudi Arabia,2014,0,FALSE
SAU,Saudi Arabia,2015,0,FALSE
SAU,Saudi Arabia,2016,0,FALSE
SAU,Saudi Arabia,2017,0,FALSE
SAU,Saudi Arabia,2018,0,FALSE
SAU,Saudi Arabia,2019,0,FALSE
SAU,Saudi Arabia,2020,1.2999999523162842,FALSE
SAU,Saudi Arabia,2021,0,FALSE
SAU,Saudi Arabia,2022,3.0599999986588955,FALSE
SAU,Saudi Arabia,2023,6.700000047683716,FALSE
SAU,Saudi Arabia,2024,1.25,FALSE
SRB,Serbia,2012,0,FALSE
SRB,Serbia,2013,0,FALSE
SRB,Serbia,2014,0,FALSE
SRB,Serbia,2015,0,FALSE
SRB,Serbia,2016,0,FALSE
SRB,Serbia,2017,0,FALSE
SRB,Serbia,2018,0,FALSE
SRB,Serbia,2019,0,FALSE
SRB,Serbia,2020,0,FALSE
SRB,Serbia,2021,1.1744099855422974,FALSE
SRB,Serbia,2022,0,FALSE
SRB,Serbia,2023,0,FALSE
SRB,Serbia,2024,0,FALSE
SSA,Sub-Saharan Africa (excluding high income),2012,1.13168004155159,TRUE
SSA,Sub-Saharan Africa (excluding high income),2013,0,TRUE
SSA,Sub-Saharan Africa (excluding high income),2014,0.13641999661922455,TRUE
SSA,Sub-Saharan Africa (excluding high income),2015,0,TRUE
SSA,Sub-Saharan Africa (excluding high income),2016,0,TRUE
SSA,Sub-Saharan Africa (excluding high income),2017,0.10694999992847444,TRUE
SSA,Sub-Saharan Africa (excluding high income),2018,0.11292000208050013,TRUE
SSA,Sub-Saharan Africa (excluding high income),2019,0.8693100176751614,TRUE
SSA,Sub-Saharan Africa (excluding high income),2020,0.20000000298023224,TRUE
SSA,Sub-Saharan Africa (excluding high income),2021,0.5224600043147802,TRUE
SSA,Sub-Saharan Africa (excluding high income),2022,0.6293300022371113,TRUE
SSA,Sub-Saharan Africa (excluding high income),2023,1.4223000081256032,TRUE
SSA,Sub-Saharan Africa (excluding high income),2024,0.6535289930179715,TRUE
SVK,Slovak Republic,2012,0,FALSE
SVK,Slovak Republic,2013,0,FALSE
SVK,Slovak Republic,2014,0,FALSE
SVK,Slovak Republic,2015,0,FALSE
SVK,Slovak Republic,2016,0,FALSE
SVK,Slovak Republic,2017,0,FALSE
SVK,Slovak Republic,2018,0,FALSE
SVK,Slovak Republic,2019,0,FALSE
SVK,Slovak Republic,2020,0,FALSE
SVK,Slovak Republic,2021,0.5200700014829636,FALSE
SVK,Slovak Republic,2022,0.8162099998444319,FALSE
SVK,Slovak Republic,2023,0.6358000040054321,FALSE
SVK,Slovak Republic,2024,0.41874400712549686,FALSE
SVN,Slovenia,2012,0,FALSE
SVN,Slovenia,2013,0,FALSE
SVN,Slovenia,2014,0,FALSE
SVN,Slovenia,2015,0,FALSE
SVN,Slovenia,2016,0,FALSE
SVN,Slovenia,2017,0.01470999978482723,FALSE
SVN,Slovenia,2018,0.08507999777793884,FALSE
SVN,Slovenia,2019,0,FALSE
SVN,Slovenia,2020,0,FALSE
SVN,Slovenia,2021,0,FALSE
SVN,Slovenia,2022,0,FALSE
SVN,Slovenia,2023,0.5479000210762024,FALSE
SVN,Slovenia,2024,0.05347000062465668,FALSE
SYC,Seychelles,2012,0,FALSE
SYC,Seychelles,2013,0,FALSE
SYC,Seychelles,2014,0,FALSE
SYC,Seychelles,2015,0,FALSE
SYC,Seychelles,2016,0,FALSE
SYC,Seychelles,2017,0,FALSE
SYC,Seychelles,2018,0.01499999966472387,FALSE
SYC,Seychelles,2019,0,FALSE
SYC,Seychelles,2020,0,FALSE
SYC,Seychelles,2021,0,FALSE
SYC,Seychelles,2022,0,FALSE
SYC,Seychelles,2023,0,FALSE
SYC,Seychelles,2024,0,FALSE
THA,Thailand,2012,0,FALSE
THA,Thailand,2013,0,FALSE
THA,Thailand,2014,0,FALSE
THA,Thailand,2015,0,FALSE
THA,Thailand,2016,0,FALSE
THA,Thailand,2017,0,FALSE
THA,Thailand,2018,0.21299999579787257,FALSE
THA,Thailand,2019,0.7343799993395805,FALSE
THA,Thailand,2020,0.9547999948263168,FALSE
THA,Thailand,2021,0.8757399916648865,FALSE
THA,Thailand,2022,0.8097299979999661,FALSE
THA,Thailand,2023,1.2452000062912705,FALSE
THA,Thailand,2024,0.2801900003105402,FALSE
TJK,Tajikistan,2012,0,FALSE
TJK,Tajikistan,2013,0,FALSE
TJK,Tajikistan,2014,0,FALSE
TJK,Tajikistan,2015,0,FALSE
TJK,Tajikistan,2016,0,FALSE
TJK,Tajikistan,2017,0,FALSE
TJK,Tajikistan,2018,0,FALSE
TJK,Tajikistan,2019,0,FALSE
TJK,Tajikistan,2020,0,FALSE
TJK,Tajikistan,2021,0,FALSE
TJK,Tajikistan,2022,0,FALSE
TJK,Tajikistan,2023,0,FALSE
TJK,Tajikistan,2024,0.00999999977648258,FALSE
TUR,Turkiye,2012,0,FALSE
TUR,Turkiye,2013,0,FALSE
TUR,Turkiye,2014,0,FALSE
TUR,Turkiye,2015,0,FALSE
TUR,Turkiye,2016,0,FALSE
TUR,Turkiye,2017,0,FALSE
TUR,Turkiye,2018,0,FALSE
TUR,Turkiye,2019,0.10000000149011612,FALSE
TUR,Turkiye,2020,0.10000000149011612,FALSE
TUR,Turkiye,2021,1.2447699992917478,FALSE
TUR,Turkiye,2022,0.1074799969792366,FALSE
TUR,Turkiye,2023,3.295099975541234,FALSE
TUR,Turkiye,2024,0.05000000074505806,FALSE
TZA,Tanzania,2012,0,FALSE
TZA,Tanzania,2013,0,FALSE
TZA,Tanzania,2014,0,FALSE
TZA,Tanzania,2015,0,FALSE
TZA,Tanzania,2016,0,FALSE
TZA,Tanzania,2017,0,FALSE
TZA,Tanzania,2018,0,FALSE
TZA,Tanzania,2019,0,FALSE
TZA,Tanzania,2020,0,FALSE
TZA,Tanzania,2021,0,FALSE
TZA,Tanzania,2022,0,FALSE
TZA,Tanzania,2023,0,FALSE
TZA,Tanzania,2024,0.02081100083887577,FALSE
UKR,Ukraine,2012,0,FALSE
UKR,Ukraine,2013,0,FALSE
UKR,Ukraine,2014,0,FALSE
UKR,Ukraine,2015,0,FALSE
UKR,Ukraine,2016,0,FALSE
UKR,Ukraine,2017,0,FALSE
UKR,Ukraine,2018,0,FALSE
UKR,Ukraine,2019,0.35784998536109924,FALSE
UKR,Ukraine,2020,0,FALSE
UKR,Ukraine,2021,0.824999988079071,FALSE
UKR,Ukraine,2022,0,FALSE
UKR,Ukraine,2023,0,FALSE
UKR,Ukraine,2024,0,FALSE
URY,Uruguay,2012,0,FALSE
URY,Uruguay,2013,0,FALSE
URY,Uruguay,2014,0,FALSE
URY,Uruguay,2015,0,FALSE
URY,Uruguay,2016,0,FALSE
URY,Uruguay,2017,0,FALSE
URY,Uruguay,2018,0.10840000212192535,FALSE
URY,Uruguay,2019,0,FALSE
URY,Uruguay,2020,0.2529999911785126,FALSE
URY,Uruguay,2021,0,FALSE
URY,Uruguay,2022,0,FALSE
URY,Uruguay,2023,0,FALSE
URY,Uruguay,2024,0,FALSE
UZB,Uzbekistan,2012,0,FALSE
UZB,Uzbekistan,2013,0,FALSE
UZB,Uzbekistan,2014,0,FALSE
UZB,Uzbekistan,2015,0,FALSE
UZB,Uzbekistan,2016,0,FALSE
UZB,Uzbekistan,2017,0,FALSE
UZB,Uzbekistan,2018,0,FALSE
UZB,Uzbekistan,2019,0,FALSE
UZB,Uzbekistan,2020,0,FALSE
UZB,Uzbekistan,2021,0,FALSE
UZB,Uzbekistan,2022,0,FALSE
UZB,Uzbekistan,2023,0.34769999980926514,FALSE
UZB,Uzbekistan,2024,1.107769032008946,FALSE
VNM,Viet Nam,2012,0,FALSE
VNM,Viet Nam,2013,0,FALSE
VNM,Viet Nam,2014,0,FALSE
VNM,Viet Nam,2015,0,FALSE
VNM,Viet Nam,2016,0.02701999968849122,FALSE
VNM,Viet Nam,2017,0,FALSE
VNM,Viet Nam,2018,0,FALSE
VNM,Viet Nam,2019,0,FALSE
VNM,Viet Nam,2020,0,FALSE
VNM,Viet Nam,2021,0.20000000298023224,FALSE
VNM,Viet Nam,2022,0.03847000002861023,FALSE
VNM,Viet Nam,2023,0,FALSE
VNM,Viet Nam,2024,0.03444999828934669,FALSE
ZAF,South Africa,2012,1.13168004155159,FALSE
ZAF,South Africa,2013,0,FALSE
ZAF,South Africa,2014,0.13641999661922455,FALSE
ZAF,South Africa,2015,0,FALSE
ZAF,South Africa,2016,0,FALSE
ZAF,South Africa,2017,0.07722999900579453,FALSE
ZAF,South Africa,2018,0.09311000257730484,FALSE
ZAF,South Africa,2019,0.7242400199174881,FALSE
ZAF,South Africa,2020,0.20000000298023224,FALSE
ZAF,South Africa,2021,0.46580000407993793,FALSE
ZAF,South Africa,2022,0.5476400014013052,FALSE
ZAF,South Africa,2023,0.8638000078499317,FALSE
ZAF,South Africa,2024,0.4322599936276674,FALSE
ZMB,Zambia,2012,0,FALSE
ZMB,Zambia,2013,0,FALSE
ZMB,Zambia,2014,0,FALSE
ZMB,Zambia,2015,0,FALSE
ZMB,Zambia,2016,0,FALSE
ZMB,Zambia,2017,0,FALSE
ZMB,Zambia,2018,0,FALSE
ZMB,Zambia,2019,0,FALSE
ZMB,Zambia,2020,0,FALSE
ZMB,Zambia,2021,0,FALSE
ZMB,Zambia,2022,0,FALSE
ZMB,Zambia,2023,0.05350000038743019,FALSE
ZMB,Zambia,2024,0.19345799833536148,FALSE
