Country,ISO2,ISO3,Year,Green_Issuance_USD_B
Argentina,AR,ARG,2006,0
Argentina,AR,ARG,2007,0
Argentina,AR,ARG,2008,0
Argentina,AR,ARG,2009,0
Argentina,AR,ARG,2010,0
Argentina,AR,ARG,2011,0
Argentina,AR,ARG,2012,0
Argentina,AR,ARG,2013,0
Argentina,AR,ARG,2014,0
Argentina,AR,ARG,2015,0
Argentina,AR,ARG,2016,0
Argentina,AR,ARG,2017,0.97391742
Argentina,AR,ARG,2018,0
Argentina,AR,ARG,2019,0
Argentina,AR,ARG,2020,0.257622597
Argentina,AR,ARG,2021,0.915156197
Argentina,AR,ARG,2022,0.291133652
Argentina,AR,ARG,2023,0.388301167
Argentina,AR,ARG,2024,0.197471857
Australia,AU,AUS,2006,0
Australia,AU,AUS,2007,0
Australia,AU,AUS,2008,0
Australia,AU,AUS,2009,0
Australia,AU,AUS,2010,0
Australia,AU,AUS,2011,0
Australia,AU,AUS,2012,0
Australia,AU,AUS,2013,0
Australia,AU,AUS,2014,0.508890696
Australia,AU,AUS,2015,0.381300999
Australia,AU,AUS,2016,0.496929136
Australia,AU,AUS,2017,2.448427999
Australia,AU,AUS,2018,2.130916244
Australia,AU,AUS,2019,2.00860922
Australia,AU,AUS,2020,3.115229161
Australia,AU,AUS,2021,4.631842611
Australia,AU,AUS,2022,4.299148206
Australia,AU,AUS,2023,7.465745249
Australia,AU,AUS,2024,12.871294623
Austria,AT,AUT,2006,0
Austria,AT,AUT,2007,0
Austria,AT,AUT,2008,0
Austria,AT,AUT,2009,0
Austria,AT,AUT,2010,0
Austria,AT,AUT,2011,0
Austria,AT,AUT,2012,0
Austria,AT,AUT,2013,0
Austria,AT,AUT,2014,0.529190126
Austria,AT,AUT,2015,0.015957791
Austria,AT,AUT,2016,1.413826459
Austria,AT,AUT,2017,1.521003167
Austria,AT,AUT,2018,0.541771003
Austria,AT,AUT,2019,2.223137881
Austria,AT,AUT,2020,1.641511203
Austria,AT,AUT,2021,2.670297089
Austria,AT,AUT,2022,11.878433902
Austria,AT,AUT,2023,17.00470106
Austria,AT,AUT,2024,13.386023625
Bangladesh,BD,BGD,2006,0
Bangladesh,BD,BGD,2007,0
Bangladesh,BD,BGD,2008,0
Bangladesh,BD,BGD,2009,0
Bangladesh,BD,BGD,2010,0
Bangladesh,BD,BGD,2011,0
Bangladesh,BD,BGD,2012,0
Bangladesh,BD,BGD,2013,0
Bangladesh,BD,BGD,2014,0
Bangladesh,BD,BGD,2015,0
Bangladesh,BD,BGD,2016,0
Bangladesh,BD,BGD,2017,0
Bangladesh,BD,BGD,2018,0
Bangladesh,BD,BGD,2019,0
Bangladesh,BD,BGD,2020,0
Bangladesh,BD,BGD,2021,0.246103363
Bangladesh,BD,BGD,2022,0
Bangladesh,BD,BGD,2023,0
Bangladesh,BD,BGD,2024,0
"Belarus, Rep. of",BY,BLR,2006,0
"Belarus, Rep. of",BY,BLR,2007,0
"Belarus, Rep. of",BY,BLR,2008,0
"Belarus, Rep. of",BY,BLR,2009,0
"Belarus, Rep. of",BY,BLR,2010,0
"Belarus, Rep. of",BY,BLR,2011,0
"Belarus, Rep. of",BY,BLR,2012,0
"Belarus, Rep. of",BY,BLR,2013,0
"Belarus, Rep. of",BY,BLR,2014,0
"Belarus, Rep. of",BY,BLR,2015,0
"Belarus, Rep. of",BY,BLR,2016,0
"Belarus, Rep. of",BY,BLR,2017,0
"Belarus, Rep. of",BY,BLR,2018,0
"Belarus, Rep. of",BY,BLR,2019,0
"Belarus, Rep. of",BY,BLR,2020,0
"Belarus, Rep. of",BY,BLR,2021,0
"Belarus, Rep. of",BY,BLR,2022,0.056388539
"Belarus, Rep. of",BY,BLR,2023,0
"Belarus, Rep. of",BY,BLR,2024,0
Belgium,BE,BEL,2006,0
Belgium,BE,BEL,2007,0
Belgium,BE,BEL,2008,0
Belgium,BE,BEL,2009,0
Belgium,BE,BEL,2010,0
Belgium,BE,BEL,2011,0
Belgium,BE,BEL,2012,0
Belgium,BE,BEL,2013,0
Belgium,BE,BEL,2014,0
Belgium,BE,BEL,2015,0
Belgium,BE,BEL,2016,0
Belgium,BE,BEL,2017,0
Belgium,BE,BEL,2018,12.917675774
Belgium,BE,BEL,2019,0
Belgium,BE,BEL,2020,1.37694713
Belgium,BE,BEL,2021,22.406270582
Belgium,BE,BEL,2022,50.10719402
Belgium,BE,BEL,2023,4.251240772
Belgium,BE,BEL,2024,22.563035311
Bermuda,BM,BMU,2006,0
Bermuda,BM,BMU,2007,0
Bermuda,BM,BMU,2008,0
Bermuda,BM,BMU,2009,0
Bermuda,BM,BMU,2010,0
Bermuda,BM,BMU,2011,0
Bermuda,BM,BMU,2012,0
Bermuda,BM,BMU,2013,0
Bermuda,BM,BMU,2014,0
Bermuda,BM,BMU,2015,0
Bermuda,BM,BMU,2016,0.096211996
Bermuda,BM,BMU,2017,0.128984409
Bermuda,BM,BMU,2018,0.954797523
Bermuda,BM,BMU,2019,0.45
Bermuda,BM,BMU,2020,2.96
Bermuda,BM,BMU,2021,1.95
Bermuda,BM,BMU,2022,0
Bermuda,BM,BMU,2023,1.00678292
Bermuda,BM,BMU,2024,0.333398004
Brazil,BR,BRA,2006,0
Brazil,BR,BRA,2007,0
Brazil,BR,BRA,2008,0
Brazil,BR,BRA,2009,0
Brazil,BR,BRA,2010,0
Brazil,BR,BRA,2011,0
Brazil,BR,BRA,2012,0
Brazil,BR,BRA,2013,0
Brazil,BR,BRA,2014,0
Brazil,BR,BRA,2015,1.051005286
Brazil,BR,BRA,2016,0.034240712
Brazil,BR,BRA,2017,2.077512777
Brazil,BR,BRA,2018,0.139662409
Brazil,BR,BRA,2019,1.080341467
Brazil,BR,BRA,2020,0.640879911
Brazil,BR,BRA,2021,2.524399566
Brazil,BR,BRA,2022,2.575400339
Brazil,BR,BRA,2023,2.511327167
Brazil,BR,BRA,2024,1.631906656
British Virgin Islands,VG,VGB,2006,0
British Virgin Islands,VG,VGB,2007,0
British Virgin Islands,VG,VGB,2008,0
British Virgin Islands,VG,VGB,2009,0
British Virgin Islands,VG,VGB,2010,0
British Virgin Islands,VG,VGB,2011,0
British Virgin Islands,VG,VGB,2012,0.276590742
British Virgin Islands,VG,VGB,2013,0
British Virgin Islands,VG,VGB,2014,0
British Virgin Islands,VG,VGB,2015,0
British Virgin Islands,VG,VGB,2016,0.4
British Virgin Islands,VG,VGB,2017,0.5
British Virgin Islands,VG,VGB,2018,2.605933627
British Virgin Islands,VG,VGB,2019,1.463517927
British Virgin Islands,VG,VGB,2020,1.423659618
British Virgin Islands,VG,VGB,2021,5.580390519
British Virgin Islands,VG,VGB,2022,3.271669278
British Virgin Islands,VG,VGB,2023,1.32793829
British Virgin Islands,VG,VGB,2024,2.641617528
Canada,CA,CAN,2006,0
Canada,CA,CAN,2007,0
Canada,CA,CAN,2008,0
Canada,CA,CAN,2009,0
Canada,CA,CAN,2010,0
Canada,CA,CAN,2011,0
Canada,CA,CAN,2012,0
Canada,CA,CAN,2013,0
Canada,CA,CAN,2014,1.159388572
Canada,CA,CAN,2015,0.458227848
Canada,CA,CAN,2016,1.08315863
Canada,CA,CAN,2017,2.772192708
Canada,CA,CAN,2018,5.936608123
Canada,CA,CAN,2019,6.451086879
Canada,CA,CAN,2020,9.499570207
Canada,CA,CAN,2021,15.792131148
Canada,CA,CAN,2022,14.234344614
Canada,CA,CAN,2023,7.178352331
Canada,CA,CAN,2024,19.29961155
Cayman Islands,KY,CYM,2006,0
Cayman Islands,KY,CYM,2007,0
Cayman Islands,KY,CYM,2008,0
Cayman Islands,KY,CYM,2009,0
Cayman Islands,KY,CYM,2010,0
Cayman Islands,KY,CYM,2011,0
Cayman Islands,KY,CYM,2012,0
Cayman Islands,KY,CYM,2013,0
Cayman Islands,KY,CYM,2014,0.3
Cayman Islands,KY,CYM,2015,0
Cayman Islands,KY,CYM,2016,1.6
Cayman Islands,KY,CYM,2017,1.956723814
Cayman Islands,KY,CYM,2018,1.274562038
Cayman Islands,KY,CYM,2019,3.300615255
Cayman Islands,KY,CYM,2020,6.28210746
Cayman Islands,KY,CYM,2021,10.235113432
Cayman Islands,KY,CYM,2022,6.991029916
Cayman Islands,KY,CYM,2023,10.98221067
Cayman Islands,KY,CYM,2024,4.637929132
Chile,CL,CHL,2006,0
Chile,CL,CHL,2007,0
Chile,CL,CHL,2008,0
Chile,CL,CHL,2009,0
Chile,CL,CHL,2010,0
Chile,CL,CHL,2011,0
Chile,CL,CHL,2012,0
Chile,CL,CHL,2013,0
Chile,CL,CHL,2014,0
Chile,CL,CHL,2015,0
Chile,CL,CHL,2016,0
Chile,CL,CHL,2017,1
Chile,CL,CHL,2018,0
Chile,CL,CHL,2019,5.573299069
Chile,CL,CHL,2020,2.827132115
Chile,CL,CHL,2021,5.8718
Chile,CL,CHL,2022,1.439357248
Chile,CL,CHL,2023,2.610970478
Chile,CL,CHL,2024,4.291651999
"China, P.R.: Hong Kong",HK,HKG,2006,0
"China, P.R.: Hong Kong",HK,HKG,2007,0
"China, P.R.: Hong Kong",HK,HKG,2008,0
"China, P.R.: Hong Kong",HK,HKG,2009,0
"China, P.R.: Hong Kong",HK,HKG,2010,0
"China, P.R.: Hong Kong",HK,HKG,2011,0
"China, P.R.: Hong Kong",HK,HKG,2012,0
"China, P.R.: Hong Kong",HK,HKG,2013,0.3
"China, P.R.: Hong Kong",HK,HKG,2014,0
"China, P.R.: Hong Kong",HK,HKG,2015,0.3
"China, P.R.: Hong Kong",HK,HKG,2016,0
"China, P.R.: Hong Kong",HK,HKG,2017,0.953222832
"China, P.R.: Hong Kong",HK,HKG,2018,3.11220213
"China, P.R.: Hong Kong",HK,HKG,2019,7.765886715
"China, P.R.: Hong Kong",HK,HKG,2020,4.540633058
"China, P.R.: Hong Kong",HK,HKG,2021,17.126108503
"China, P.R.: Hong Kong",HK,HKG,2022,11.436951508
"China, P.R.: Hong Kong",HK,HKG,2023,25.702650216
"China, P.R.: Hong Kong",HK,HKG,2024,11.767221961
"China, P.R.: Macao",MO,MAC,2006,0
"China, P.R.: Macao",MO,MAC,2007,0
"China, P.R.: Macao",MO,MAC,2008,0
"China, P.R.: Macao",MO,MAC,2009,0
"China, P.R.: Macao",MO,MAC,2010,0
"China, P.R.: Macao",MO,MAC,2011,0
"China, P.R.: Macao",MO,MAC,2012,0
"China, P.R.: Macao",MO,MAC,2013,0
"China, P.R.: Macao",MO,MAC,2014,0
"China, P.R.: Macao",MO,MAC,2015,0
"China, P.R.: Macao",MO,MAC,2016,0
"China, P.R.: Macao",MO,MAC,2017,0
"China, P.R.: Macao",MO,MAC,2018,0
"China, P.R.: Macao",MO,MAC,2019,1.080729826
"China, P.R.: Macao",MO,MAC,2020,0.483691533
"China, P.R.: Macao",MO,MAC,2021,1.03597691
"China, P.R.: Macao",MO,MAC,2022,1
"China, P.R.: Macao",MO,MAC,2023,0
"China, P.R.: Macao",MO,MAC,2024,0
"China, P.R.: Mainland",CN,CHN,2006,0
"China, P.R.: Mainland",CN,CHN,2007,0
"China, P.R.: Mainland",CN,CHN,2008,0
"China, P.R.: Mainland",CN,CHN,2009,0
"China, P.R.: Mainland",CN,CHN,2010,0
"China, P.R.: Mainland",CN,CHN,2011,0
"China, P.R.: Mainland",CN,CHN,2012,0
"China, P.R.: Mainland",CN,CHN,2013,0
"China, P.R.: Mainland",CN,CHN,2014,0.138077682
"China, P.R.: Mainland",CN,CHN,2015,0.982380239
"China, P.R.: Mainland",CN,CHN,2016,28.214849946
"China, P.R.: Mainland",CN,CHN,2017,28.832399653
"China, P.R.: Mainland",CN,CHN,2018,28.644223087
"China, P.R.: Mainland",CN,CHN,2019,39.955649245
"China, P.R.: Mainland",CN,CHN,2020,27.031660192
"China, P.R.: Mainland",CN,CHN,2021,70.698103225
"China, P.R.: Mainland",CN,CHN,2022,95.979295334
"China, P.R.: Mainland",CN,CHN,2023,85.895426686
"China, P.R.: Mainland",CN,CHN,2024,64.719533974
Colombia,CO,COL,2006,0
Colombia,CO,COL,2007,0
Colombia,CO,COL,2008,0
Colombia,CO,COL,2009,0
Colombia,CO,COL,2010,0
Colombia,CO,COL,2011,0
Colombia,CO,COL,2012,0
Colombia,CO,COL,2013,0
Colombia,CO,COL,2014,0
Colombia,CO,COL,2015,0
Colombia,CO,COL,2016,0
Colombia,CO,COL,2017,0.046053767
Colombia,CO,COL,2018,0.11396548
Colombia,CO,COL,2019,0
Colombia,CO,COL,2020,0.15672068
Colombia,CO,COL,2021,3.638470491
Colombia,CO,COL,2022,0.049004492
Colombia,CO,COL,2023,0
Colombia,CO,COL,2024,0
Costa Rica,CR,CRI,2006,0
Costa Rica,CR,CRI,2007,0
Costa Rica,CR,CRI,2008,0
Costa Rica,CR,CRI,2009,0
Costa Rica,CR,CRI,2010,0
Costa Rica,CR,CRI,2011,0
Costa Rica,CR,CRI,2012,0
Costa Rica,CR,CRI,2013,0
Costa Rica,CR,CRI,2014,0
Costa Rica,CR,CRI,2015,0
Costa Rica,CR,CRI,2016,1
Costa Rica,CR,CRI,2017,0
Costa Rica,CR,CRI,2018,0
Costa Rica,CR,CRI,2019,0
Costa Rica,CR,CRI,2020,0
Costa Rica,CR,CRI,2021,0
Costa Rica,CR,CRI,2022,0.0080522
Costa Rica,CR,CRI,2023,0
Costa Rica,CR,CRI,2024,0
Côte d'Ivoire,CI,CIV,2006,0
Côte d'Ivoire,CI,CIV,2007,0
Côte d'Ivoire,CI,CIV,2008,0
Côte d'Ivoire,CI,CIV,2009,0
Côte d'Ivoire,CI,CIV,2010,0.252174787
Côte d'Ivoire,CI,CIV,2011,0
Côte d'Ivoire,CI,CIV,2012,0
Côte d'Ivoire,CI,CIV,2013,0.5
Côte d'Ivoire,CI,CIV,2014,0.18706274
Côte d'Ivoire,CI,CIV,2015,0.5
Côte d'Ivoire,CI,CIV,2016,0.205884446
Côte d'Ivoire,CI,CIV,2017,0
Côte d'Ivoire,CI,CIV,2018,0.6
Côte d'Ivoire,CI,CIV,2019,0.18706274
Côte d'Ivoire,CI,CIV,2020,0
Côte d'Ivoire,CI,CIV,2021,0.094089309
Côte d'Ivoire,CI,CIV,2022,0.141133964
Côte d'Ivoire,CI,CIV,2023,0.542341606
Côte d'Ivoire,CI,CIV,2024,0.904198688
"Croatia, Rep. of",HR,HRV,2006,0
"Croatia, Rep. of",HR,HRV,2007,0
"Croatia, Rep. of",HR,HRV,2008,0
"Croatia, Rep. of",HR,HRV,2009,0
"Croatia, Rep. of",HR,HRV,2010,0
"Croatia, Rep. of",HR,HRV,2011,0
"Croatia, Rep. of",HR,HRV,2012,0
"Croatia, Rep. of",HR,HRV,2013,0
"Croatia, Rep. of",HR,HRV,2014,0
"Croatia, Rep. of",HR,HRV,2015,0
"Croatia, Rep. of",HR,HRV,2016,0
"Croatia, Rep. of",HR,HRV,2017,0
"Croatia, Rep. of",HR,HRV,2018,0
"Croatia, Rep. of",HR,HRV,2019,0
"Croatia, Rep. of",HR,HRV,2020,0
"Croatia, Rep. of",HR,HRV,2021,0
"Croatia, Rep. of",HR,HRV,2022,0
"Croatia, Rep. of",HR,HRV,2023,0.31896759
"Croatia, Rep. of",HR,HRV,2024,0.418318151
Cyprus,CY,CYP,2006,0
Cyprus,CY,CYP,2007,0
Cyprus,CY,CYP,2008,0
Cyprus,CY,CYP,2009,0
Cyprus,CY,CYP,2010,0
Cyprus,CY,CYP,2011,0
Cyprus,CY,CYP,2012,0
Cyprus,CY,CYP,2013,0
Cyprus,CY,CYP,2014,0
Cyprus,CY,CYP,2015,0
Cyprus,CY,CYP,2016,0
Cyprus,CY,CYP,2017,0
Cyprus,CY,CYP,2018,0
Cyprus,CY,CYP,2019,0
Cyprus,CY,CYP,2020,0
Cyprus,CY,CYP,2021,0.313738613
Cyprus,CY,CYP,2022,0
Cyprus,CY,CYP,2023,0
Cyprus,CY,CYP,2024,0.313738613
Czech Rep.,CZ,CZE,2006,0
Czech Rep.,CZ,CZE,2007,0
Czech Rep.,CZ,CZE,2008,0
Czech Rep.,CZ,CZE,2009,0
Czech Rep.,CZ,CZE,2010,0
Czech Rep.,CZ,CZE,2011,0
Czech Rep.,CZ,CZE,2012,0
Czech Rep.,CZ,CZE,2013,0
Czech Rep.,CZ,CZE,2014,0
Czech Rep.,CZ,CZE,2015,0
Czech Rep.,CZ,CZE,2016,0
Czech Rep.,CZ,CZE,2017,0
Czech Rep.,CZ,CZE,2018,0
Czech Rep.,CZ,CZE,2019,0
Czech Rep.,CZ,CZE,2020,0
Czech Rep.,CZ,CZE,2021,0.888926071
Czech Rep.,CZ,CZE,2022,0.522897689
Czech Rep.,CZ,CZE,2023,1.045795378
Czech Rep.,CZ,CZE,2024,0.522897689
Denmark,DK,DNK,2006,0
Denmark,DK,DNK,2007,0
Denmark,DK,DNK,2008,0
Denmark,DK,DNK,2009,0
Denmark,DK,DNK,2010,0
Denmark,DK,DNK,2011,0
Denmark,DK,DNK,2012,0
Denmark,DK,DNK,2013,0
Denmark,DK,DNK,2014,0
Denmark,DK,DNK,2015,0.594232501
Denmark,DK,DNK,2016,0
Denmark,DK,DNK,2017,1.83134225
Denmark,DK,DNK,2018,0.784346534
Denmark,DK,DNK,2019,11.38746505
Denmark,DK,DNK,2020,1.650592003
Denmark,DK,DNK,2021,10.232456904
Denmark,DK,DNK,2022,18.382964784
Denmark,DK,DNK,2023,12.462985668
Denmark,DK,DNK,2024,9.270028964
"Egypt, Arab Rep. of",EG,EGY,2006,0
"Egypt, Arab Rep. of",EG,EGY,2007,0
"Egypt, Arab Rep. of",EG,EGY,2008,0
"Egypt, Arab Rep. of",EG,EGY,2009,0
"Egypt, Arab Rep. of",EG,EGY,2010,0
"Egypt, Arab Rep. of",EG,EGY,2011,0
"Egypt, Arab Rep. of",EG,EGY,2012,0
"Egypt, Arab Rep. of",EG,EGY,2013,0
"Egypt, Arab Rep. of",EG,EGY,2014,0
"Egypt, Arab Rep. of",EG,EGY,2015,0
"Egypt, Arab Rep. of",EG,EGY,2016,0
"Egypt, Arab Rep. of",EG,EGY,2017,0
"Egypt, Arab Rep. of",EG,EGY,2018,0
"Egypt, Arab Rep. of",EG,EGY,2019,0
"Egypt, Arab Rep. of",EG,EGY,2020,1.5
"Egypt, Arab Rep. of",EG,EGY,2021,0
"Egypt, Arab Rep. of",EG,EGY,2022,0
"Egypt, Arab Rep. of",EG,EGY,2023,0
"Egypt, Arab Rep. of",EG,EGY,2024,0
"Estonia, Rep. of",EE,EST,2006,0
"Estonia, Rep. of",EE,EST,2007,0
"Estonia, Rep. of",EE,EST,2008,0
"Estonia, Rep. of",EE,EST,2009,0
"Estonia, Rep. of",EE,EST,2010,0
"Estonia, Rep. of",EE,EST,2011,0
"Estonia, Rep. of",EE,EST,2012,0
"Estonia, Rep. of",EE,EST,2013,0
"Estonia, Rep. of",EE,EST,2014,0
"Estonia, Rep. of",EE,EST,2015,0.0680448
"Estonia, Rep. of",EE,EST,2016,0
"Estonia, Rep. of",EE,EST,2017,0
"Estonia, Rep. of",EE,EST,2018,0
"Estonia, Rep. of",EE,EST,2019,0
"Estonia, Rep. of",EE,EST,2020,0
"Estonia, Rep. of",EE,EST,2021,0
"Estonia, Rep. of",EE,EST,2022,0
"Estonia, Rep. of",EE,EST,2023,0
"Estonia, Rep. of",EE,EST,2024,4.601499669
"Fiji, Rep. of",FJ,FJI,2006,0
"Fiji, Rep. of",FJ,FJI,2007,0
"Fiji, Rep. of",FJ,FJI,2008,0
"Fiji, Rep. of",FJ,FJI,2009,0
"Fiji, Rep. of",FJ,FJI,2010,0
"Fiji, Rep. of",FJ,FJI,2011,0
"Fiji, Rep. of",FJ,FJI,2012,0
"Fiji, Rep. of",FJ,FJI,2013,0
"Fiji, Rep. of",FJ,FJI,2014,0
"Fiji, Rep. of",FJ,FJI,2015,0
"Fiji, Rep. of",FJ,FJI,2016,0
"Fiji, Rep. of",FJ,FJI,2017,0.042924034
"Fiji, Rep. of",FJ,FJI,2018,0
"Fiji, Rep. of",FJ,FJI,2019,0
"Fiji, Rep. of",FJ,FJI,2020,0
"Fiji, Rep. of",FJ,FJI,2021,0
"Fiji, Rep. of",FJ,FJI,2022,0
"Fiji, Rep. of",FJ,FJI,2023,0.008604
"Fiji, Rep. of",FJ,FJI,2024,0
Finland,FI,FIN,2006,0
Finland,FI,FIN,2007,0
Finland,FI,FIN,2008,0
Finland,FI,FIN,2009,0
Finland,FI,FIN,2010,0.241508848
Finland,FI,FIN,2011,0.094151985999999993
Finland,FI,FIN,2012,0.047044654
Finland,FI,FIN,2013,0.228554026
Finland,FI,FIN,2014,0.55443584
Finland,FI,FIN,2015,0.827971093
Finland,FI,FIN,2016,3.024749905
Finland,FI,FIN,2017,2.237908931
Finland,FI,FIN,2018,0.65898729
Finland,FI,FIN,2019,3.60786826
Finland,FI,FIN,2020,2.995009498
Finland,FI,FIN,2021,4.990887419
Finland,FI,FIN,2022,6.419266302
Finland,FI,FIN,2023,8.621063921
Finland,FI,FIN,2024,8.513847406
France,FR,FRA,2006,0
France,FR,FRA,2007,0
France,FR,FRA,2008,0
France,FR,FRA,2009,0
France,FR,FRA,2010,0
France,FR,FRA,2011,0
France,FR,FRA,2012,0.599701466
France,FR,FRA,2013,2.002067165
France,FR,FRA,2014,5.563596238
France,FR,FRA,2015,8.275608843
France,FR,FRA,2016,5.119763873
France,FR,FRA,2017,51.697135239
France,FR,FRA,2018,10.494366017
France,FR,FRA,2019,28.522074881
France,FR,FRA,2020,29.104833157
France,FR,FRA,2021,56.068086411
France,FR,FRA,2022,30.331474182
France,FR,FRA,2023,31.355401046
France,FR,FRA,2024,36.035288899
Georgia,GE,GEO,2006,0
Georgia,GE,GEO,2007,0
Georgia,GE,GEO,2008,0
Georgia,GE,GEO,2009,0
Georgia,GE,GEO,2010,0
Georgia,GE,GEO,2011,0
Georgia,GE,GEO,2012,0
Georgia,GE,GEO,2013,0
Georgia,GE,GEO,2014,0
Georgia,GE,GEO,2015,0
Georgia,GE,GEO,2016,0
Georgia,GE,GEO,2017,0
Georgia,GE,GEO,2018,0
Georgia,GE,GEO,2019,0
Georgia,GE,GEO,2020,0.5
Georgia,GE,GEO,2021,1
Georgia,GE,GEO,2022,0
Georgia,GE,GEO,2023,0
Georgia,GE,GEO,2024,0.6
Germany,DE,DEU,2006,0
Germany,DE,DEU,2007,0
Germany,DE,DEU,2008,0.104579537
Germany,DE,DEU,2009,0
Germany,DE,DEU,2010,0
Germany,DE,DEU,2011,0
Germany,DE,DEU,2012,0
Germany,DE,DEU,2013,0.308128426
Germany,DE,DEU,2014,3.624939757
Germany,DE,DEU,2015,6.608367079
Germany,DE,DEU,2016,4.183608237
Germany,DE,DEU,2017,7.969021248
Germany,DE,DEU,2018,6.391797287
Germany,DE,DEU,2019,19.796767081
Germany,DE,DEU,2020,45.624340065
Germany,DE,DEU,2021,75.081375336
Germany,DE,DEU,2022,81.630701978
Germany,DE,DEU,2023,67.338305285
Germany,DE,DEU,2024,58.830030265
Greece,GR,GRC,2006,0
Greece,GR,GRC,2007,0
Greece,GR,GRC,2008,0
Greece,GR,GRC,2009,0
Greece,GR,GRC,2010,0
Greece,GR,GRC,2011,0
Greece,GR,GRC,2012,0
Greece,GR,GRC,2013,0
Greece,GR,GRC,2014,0
Greece,GR,GRC,2015,0
Greece,GR,GRC,2016,0
Greece,GR,GRC,2017,0
Greece,GR,GRC,2018,0
Greece,GR,GRC,2019,0.156869306
Greece,GR,GRC,2020,0.522897689
Greece,GR,GRC,2021,1.485029436
Greece,GR,GRC,2022,0.240532937
Greece,GR,GRC,2023,0
Greece,GR,GRC,2024,3.032806598
Guernsey,GG,GGY,2006,0
Guernsey,GG,GGY,2007,0
Guernsey,GG,GGY,2008,0
Guernsey,GG,GGY,2009,0
Guernsey,GG,GGY,2010,0
Guernsey,GG,GGY,2011,0
Guernsey,GG,GGY,2012,0
Guernsey,GG,GGY,2013,0
Guernsey,GG,GGY,2014,0
Guernsey,GG,GGY,2015,0
Guernsey,GG,GGY,2016,0
Guernsey,GG,GGY,2017,0
Guernsey,GG,GGY,2018,0
Guernsey,GG,GGY,2019,0.023702094
Guernsey,GG,GGY,2020,0.527216813
Guernsey,GG,GGY,2021,0.05054679
Guernsey,GG,GGY,2022,0
Guernsey,GG,GGY,2023,0
Guernsey,GG,GGY,2024,0.66978969
Honduras,HN,HND,2006,0
Honduras,HN,HND,2007,0
Honduras,HN,HND,2008,0
Honduras,HN,HND,2009,0
Honduras,HN,HND,2010,0
Honduras,HN,HND,2011,0
Honduras,HN,HND,2012,0
Honduras,HN,HND,2013,0
Honduras,HN,HND,2014,0
Honduras,HN,HND,2015,0
Honduras,HN,HND,2016,0.057210648
Honduras,HN,HND,2017,0
Honduras,HN,HND,2018,0
Honduras,HN,HND,2019,0.375
Honduras,HN,HND,2020,0
Honduras,HN,HND,2021,0.245070736
Honduras,HN,HND,2022,0.406897434
Honduras,HN,HND,2023,0.065102536
Honduras,HN,HND,2024,0
Hungary,HU,HUN,2006,0
Hungary,HU,HUN,2007,0
Hungary,HU,HUN,2008,0
Hungary,HU,HUN,2009,0
Hungary,HU,HUN,2010,0
Hungary,HU,HUN,2011,0
Hungary,HU,HUN,2012,0
Hungary,HU,HUN,2013,0
Hungary,HU,HUN,2014,0
Hungary,HU,HUN,2015,0
Hungary,HU,HUN,2016,0
Hungary,HU,HUN,2017,0
Hungary,HU,HUN,2018,0
Hungary,HU,HUN,2019,0
Hungary,HU,HUN,2020,1.966018255
Hungary,HU,HUN,2021,1.300267433
Hungary,HU,HUN,2022,3.77605325
Hungary,HU,HUN,2023,1.307030649
Hungary,HU,HUN,2024,2.62319633
Iceland,IS,ISL,2006,0
Iceland,IS,ISL,2007,0
Iceland,IS,ISL,2008,0
Iceland,IS,ISL,2009,0
Iceland,IS,ISL,2010,0
Iceland,IS,ISL,2011,0
Iceland,IS,ISL,2012,0
Iceland,IS,ISL,2013,0
Iceland,IS,ISL,2014,0
Iceland,IS,ISL,2015,0
Iceland,IS,ISL,2016,0
Iceland,IS,ISL,2017,0
Iceland,IS,ISL,2018,0.029464606
Iceland,IS,ISL,2019,0
Iceland,IS,ISL,2020,0.78791398
Iceland,IS,ISL,2021,1.166918147
Iceland,IS,ISL,2022,0.477570942
Iceland,IS,ISL,2023,0.360797436
Iceland,IS,ISL,2024,1.595922068
India,IN,IND,2006,0
India,IN,IND,2007,0
India,IN,IND,2008,0
India,IN,IND,2009,0
India,IN,IND,2010,0
India,IN,IND,2011,0
India,IN,IND,2012,0
India,IN,IND,2013,0
India,IN,IND,2014,0
India,IN,IND,2015,0.721164751
India,IN,IND,2016,0.687070514
India,IN,IND,2017,2.022929623
India,IN,IND,2018,0
India,IN,IND,2019,3.53225286
India,IN,IND,2020,0.934276147
India,IN,IND,2021,4.609817069
India,IN,IND,2022,1.229101575
India,IN,IND,2023,4.660998933
India,IN,IND,2024,9.109669136
Indonesia,ID,IDN,2006,0
Indonesia,ID,IDN,2007,0
Indonesia,ID,IDN,2008,0
Indonesia,ID,IDN,2009,0
Indonesia,ID,IDN,2010,0
Indonesia,ID,IDN,2011,0
Indonesia,ID,IDN,2012,0
Indonesia,ID,IDN,2013,0
Indonesia,ID,IDN,2014,0
Indonesia,ID,IDN,2015,0
Indonesia,ID,IDN,2016,0
Indonesia,ID,IDN,2017,0
Indonesia,ID,IDN,2018,2.530712529
Indonesia,ID,IDN,2019,1.592018909
Indonesia,ID,IDN,2020,1.841711755
Indonesia,ID,IDN,2021,1.815159155
Indonesia,ID,IDN,2022,6.113564992
Indonesia,ID,IDN,2023,3.86748972
Indonesia,ID,IDN,2024,6.175553343
Ireland,IE,IRL,2006,0
Ireland,IE,IRL,2007,0
Ireland,IE,IRL,2008,0
Ireland,IE,IRL,2009,0
Ireland,IE,IRL,2010,0
Ireland,IE,IRL,2011,0
Ireland,IE,IRL,2012,0
Ireland,IE,IRL,2013,0
Ireland,IE,IRL,2014,0
Ireland,IE,IRL,2015,0
Ireland,IE,IRL,2016,0
Ireland,IE,IRL,2017,0
Ireland,IE,IRL,2018,7.476212931
Ireland,IE,IRL,2019,1.254954454
Ireland,IE,IRL,2020,2.22282495
Ireland,IE,IRL,2021,9.242235072
Ireland,IE,IRL,2022,5.670488669
Ireland,IE,IRL,2023,9.253397951
Ireland,IE,IRL,2024,11.400070336
Israel,IL,ISR,2006,0
Israel,IL,ISR,2007,0
Israel,IL,ISR,2008,0
Israel,IL,ISR,2009,0
Israel,IL,ISR,2010,0
Israel,IL,ISR,2011,0
Israel,IL,ISR,2012,0
Israel,IL,ISR,2013,0
Israel,IL,ISR,2014,0
Israel,IL,ISR,2015,0
Israel,IL,ISR,2016,0
Israel,IL,ISR,2017,0
Israel,IL,ISR,2018,0
Israel,IL,ISR,2019,0
Israel,IL,ISR,2020,0
Israel,IL,ISR,2021,1
Israel,IL,ISR,2022,0
Israel,IL,ISR,2023,2.5
Israel,IL,ISR,2024,0
Italy,IT,ITA,2006,0
Italy,IT,ITA,2007,0
Italy,IT,ITA,2008,0
Italy,IT,ITA,2009,0
Italy,IT,ITA,2010,0
Italy,IT,ITA,2011,0
Italy,IT,ITA,2012,0
Italy,IT,ITA,2013,0
Italy,IT,ITA,2014,0.538900247
Italy,IT,ITA,2015,0
Italy,IT,ITA,2016,0.425009064
Italy,IT,ITA,2017,1.749075556
Italy,IT,ITA,2018,2.419191802
Italy,IT,ITA,2019,6.115372367
Italy,IT,ITA,2020,6.182536897
Italy,IT,ITA,2021,23.637379328
Italy,IT,ITA,2022,25.094212753
Italy,IT,ITA,2023,28.20249714
Italy,IT,ITA,2024,18.819008603
Japan,JP,JPN,2006,0
Japan,JP,JPN,2007,0
Japan,JP,JPN,2008,0
Japan,JP,JPN,2009,0
Japan,JP,JPN,2010,0
Japan,JP,JPN,2011,0
Japan,JP,JPN,2012,0
Japan,JP,JPN,2013,0
Japan,JP,JPN,2014,0.262348755
Japan,JP,JPN,2015,0.814818507
Japan,JP,JPN,2016,1.066983722
Japan,JP,JPN,2017,1.322854849
Japan,JP,JPN,2018,3.599659806
Japan,JP,JPN,2019,6.763790152
Japan,JP,JPN,2020,7.617034767
Japan,JP,JPN,2021,15.415935818
Japan,JP,JPN,2022,22.40842657
Japan,JP,JPN,2023,24.87488561
Japan,JP,JPN,2024,36.302469761
Jersey,JE,JEY,2006,0
Jersey,JE,JEY,2007,0
Jersey,JE,JEY,2008,0
Jersey,JE,JEY,2009,0
Jersey,JE,JEY,2010,0
Jersey,JE,JEY,2011,0
Jersey,JE,JEY,2012,0
Jersey,JE,JEY,2013,0
Jersey,JE,JEY,2014,0
Jersey,JE,JEY,2015,0
Jersey,JE,JEY,2016,0
Jersey,JE,JEY,2017,0
Jersey,JE,JEY,2018,0
Jersey,JE,JEY,2019,1.044495508
Jersey,JE,JEY,2020,0.23
Jersey,JE,JEY,2021,0.366028382
Jersey,JE,JEY,2022,0
Jersey,JE,JEY,2023,0
Jersey,JE,JEY,2024,0
"Kazakhstan, Rep. of",KZ,KAZ,2006,0
"Kazakhstan, Rep. of",KZ,KAZ,2007,0
"Kazakhstan, Rep. of",KZ,KAZ,2008,0
"Kazakhstan, Rep. of",KZ,KAZ,2009,0
"Kazakhstan, Rep. of",KZ,KAZ,2010,0
"Kazakhstan, Rep. of",KZ,KAZ,2011,0
"Kazakhstan, Rep. of",KZ,KAZ,2012,0
"Kazakhstan, Rep. of",KZ,KAZ,2013,0
"Kazakhstan, Rep. of",KZ,KAZ,2014,0
"Kazakhstan, Rep. of",KZ,KAZ,2015,0
"Kazakhstan, Rep. of",KZ,KAZ,2016,0
"Kazakhstan, Rep. of",KZ,KAZ,2017,0
"Kazakhstan, Rep. of",KZ,KAZ,2018,0
"Kazakhstan, Rep. of",KZ,KAZ,2019,0
"Kazakhstan, Rep. of",KZ,KAZ,2020,0
"Kazakhstan, Rep. of",KZ,KAZ,2021,0.037576141
"Kazakhstan, Rep. of",KZ,KAZ,2022,0.069219207
"Kazakhstan, Rep. of",KZ,KAZ,2023,0.005933074
"Kazakhstan, Rep. of",KZ,KAZ,2024,0
Kenya,KE,KEN,2006,0
Kenya,KE,KEN,2007,0
Kenya,KE,KEN,2008,0
Kenya,KE,KEN,2009,0
Kenya,KE,KEN,2010,0
Kenya,KE,KEN,2011,0
Kenya,KE,KEN,2012,0
Kenya,KE,KEN,2013,0
Kenya,KE,KEN,2014,0
Kenya,KE,KEN,2015,0
Kenya,KE,KEN,2016,0
Kenya,KE,KEN,2017,0
Kenya,KE,KEN,2018,0
Kenya,KE,KEN,2019,0.00609775
Kenya,KE,KEN,2020,0
Kenya,KE,KEN,2021,0
Kenya,KE,KEN,2022,0
Kenya,KE,KEN,2023,0
Kenya,KE,KEN,2024,0
"Korea, Rep. of",KR,KOR,2006,0
"Korea, Rep. of",KR,KOR,2007,0
"Korea, Rep. of",KR,KOR,2008,0
"Korea, Rep. of",KR,KOR,2009,0
"Korea, Rep. of",KR,KOR,2010,0
"Korea, Rep. of",KR,KOR,2011,0
"Korea, Rep. of",KR,KOR,2012,0
"Korea, Rep. of",KR,KOR,2013,0.5
"Korea, Rep. of",KR,KOR,2014,0
"Korea, Rep. of",KR,KOR,2015,0
"Korea, Rep. of",KR,KOR,2016,1.4
"Korea, Rep. of",KR,KOR,2017,0.375412114
"Korea, Rep. of",KR,KOR,2018,3.905632667
"Korea, Rep. of",KR,KOR,2019,6.85521239
"Korea, Rep. of",KR,KOR,2020,3.171904655
"Korea, Rep. of",KR,KOR,2021,25.237126329
"Korea, Rep. of",KR,KOR,2022,16.635588647
"Korea, Rep. of",KR,KOR,2023,14.021986062
"Korea, Rep. of",KR,KOR,2024,12.52622665
Lao People's Dem. Rep.,LA,LAO,2006,0
Lao People's Dem. Rep.,LA,LAO,2007,0
Lao People's Dem. Rep.,LA,LAO,2008,0
Lao People's Dem. Rep.,LA,LAO,2009,0
Lao People's Dem. Rep.,LA,LAO,2010,0
Lao People's Dem. Rep.,LA,LAO,2011,0
Lao People's Dem. Rep.,LA,LAO,2012,0
Lao People's Dem. Rep.,LA,LAO,2013,0
Lao People's Dem. Rep.,LA,LAO,2014,0
Lao People's Dem. Rep.,LA,LAO,2015,0
Lao People's Dem. Rep.,LA,LAO,2016,0
Lao People's Dem. Rep.,LA,LAO,2017,0
Lao People's Dem. Rep.,LA,LAO,2018,0
Lao People's Dem. Rep.,LA,LAO,2019,0
Lao People's Dem. Rep.,LA,LAO,2020,0
Lao People's Dem. Rep.,LA,LAO,2021,0
Lao People's Dem. Rep.,LA,LAO,2022,0.250372799
Lao People's Dem. Rep.,LA,LAO,2023,0.104415273
Lao People's Dem. Rep.,LA,LAO,2024,0
Latvia,LV,LVA,2006,0
Latvia,LV,LVA,2007,0
Latvia,LV,LVA,2008,0
Latvia,LV,LVA,2009,0
Latvia,LV,LVA,2010,0
Latvia,LV,LVA,2011,0
Latvia,LV,LVA,2012,0
Latvia,LV,LVA,2013,0
Latvia,LV,LVA,2014,0
Latvia,LV,LVA,2015,0.1036205
Latvia,LV,LVA,2016,0.025905125
Latvia,LV,LVA,2017,0.020985918
Latvia,LV,LVA,2018,0
Latvia,LV,LVA,2019,0
Latvia,LV,LVA,2020,0
Latvia,LV,LVA,2021,0.156869305
Latvia,LV,LVA,2022,0.104579537
Latvia,LV,LVA,2023,0.052289768
Latvia,LV,LVA,2024,0
Liechtenstein,LI,LIE,2006,0
Liechtenstein,LI,LIE,2007,0
Liechtenstein,LI,LIE,2008,0
Liechtenstein,LI,LIE,2009,0
Liechtenstein,LI,LIE,2010,0
Liechtenstein,LI,LIE,2011,0
Liechtenstein,LI,LIE,2012,0
Liechtenstein,LI,LIE,2013,0
Liechtenstein,LI,LIE,2014,0
Liechtenstein,LI,LIE,2015,0
Liechtenstein,LI,LIE,2016,0
Liechtenstein,LI,LIE,2017,0
Liechtenstein,LI,LIE,2018,0
Liechtenstein,LI,LIE,2019,0.111395789
Liechtenstein,LI,LIE,2020,0.111395789
Liechtenstein,LI,LIE,2021,0.627477227
Liechtenstein,LI,LIE,2022,0
Liechtenstein,LI,LIE,2023,0
Liechtenstein,LI,LIE,2024,0
Lithuania,LT,LTU,2006,0
Lithuania,LT,LTU,2007,0
Lithuania,LT,LTU,2008,0
Lithuania,LT,LTU,2009,0
Lithuania,LT,LTU,2010,0
Lithuania,LT,LTU,2011,0
Lithuania,LT,LTU,2012,0
Lithuania,LT,LTU,2013,0
Lithuania,LT,LTU,2014,0
Lithuania,LT,LTU,2015,0
Lithuania,LT,LTU,2016,0
Lithuania,LT,LTU,2017,0.313738613
Lithuania,LT,LTU,2018,0.384852698
Lithuania,LT,LTU,2019,0
Lithuania,LT,LTU,2020,0
Lithuania,LT,LTU,2021,0.036602838
Lithuania,LT,LTU,2022,0
Lithuania,LT,LTU,2023,0
Lithuania,LT,LTU,2024,0
Luxembourg,LU,LUX,2006,0
Luxembourg,LU,LUX,2007,0.627477227
Luxembourg,LU,LUX,2008,0
Luxembourg,LU,LUX,2009,0.277563462
Luxembourg,LU,LUX,2010,0.305852661
Luxembourg,LU,LUX,2011,0
Luxembourg,LU,LUX,2012,0.557479158
Luxembourg,LU,LUX,2013,3.43224548
Luxembourg,LU,LUX,2014,6.024796731
Luxembourg,LU,LUX,2015,3.377571738
Luxembourg,LU,LUX,2016,7.686361525
Luxembourg,LU,LUX,2017,7.102313132
Luxembourg,LU,LUX,2018,7.928896231
Luxembourg,LU,LUX,2019,8.263299601
Luxembourg,LU,LUX,2020,12.526307613
Luxembourg,LU,LUX,2021,18.059023852
Luxembourg,LU,LUX,2022,19.572325859
Luxembourg,LU,LUX,2023,14.262095846
Luxembourg,LU,LUX,2024,28.883883374
Malaysia,MY,MYS,2006,0
Malaysia,MY,MYS,2007,0
Malaysia,MY,MYS,2008,0
Malaysia,MY,MYS,2009,0
Malaysia,MY,MYS,2010,0
Malaysia,MY,MYS,2011,0
Malaysia,MY,MYS,2012,0
Malaysia,MY,MYS,2013,0
Malaysia,MY,MYS,2014,0
Malaysia,MY,MYS,2015,0
Malaysia,MY,MYS,2016,0
Malaysia,MY,MYS,2017,0.467588859
Malaysia,MY,MYS,2018,0.203508938
Malaysia,MY,MYS,2019,0.479879659
Malaysia,MY,MYS,2020,0.124716135
Malaysia,MY,MYS,2021,0.303341637
Malaysia,MY,MYS,2022,0.203804347
Malaysia,MY,MYS,2023,0.736701476
Malaysia,MY,MYS,2024,0.366430482
Malta,MT,MLT,2006,0
Malta,MT,MLT,2007,0
Malta,MT,MLT,2008,0
Malta,MT,MLT,2009,0
Malta,MT,MLT,2010,0
Malta,MT,MLT,2011,0
Malta,MT,MLT,2012,0
Malta,MT,MLT,2013,0
Malta,MT,MLT,2014,0
Malta,MT,MLT,2015,0
Malta,MT,MLT,2016,0
Malta,MT,MLT,2017,0
Malta,MT,MLT,2018,0
Malta,MT,MLT,2019,0
Malta,MT,MLT,2020,0
Malta,MT,MLT,2021,0
Malta,MT,MLT,2022,0
Malta,MT,MLT,2023,0.026144884
Malta,MT,MLT,2024,0
"Marshall Islands, Rep. of the",MH,MHL,2006,0
"Marshall Islands, Rep. of the",MH,MHL,2007,0
"Marshall Islands, Rep. of the",MH,MHL,2008,0
"Marshall Islands, Rep. of the",MH,MHL,2009,0
"Marshall Islands, Rep. of the",MH,MHL,2010,0
"Marshall Islands, Rep. of the",MH,MHL,2011,0
"Marshall Islands, Rep. of the",MH,MHL,2012,0
"Marshall Islands, Rep. of the",MH,MHL,2013,0
"Marshall Islands, Rep. of the",MH,MHL,2014,0
"Marshall Islands, Rep. of the",MH,MHL,2015,0
"Marshall Islands, Rep. of the",MH,MHL,2016,0
"Marshall Islands, Rep. of the",MH,MHL,2017,0
"Marshall Islands, Rep. of the",MH,MHL,2018,0
"Marshall Islands, Rep. of the",MH,MHL,2019,0.2
"Marshall Islands, Rep. of the",MH,MHL,2020,0
"Marshall Islands, Rep. of the",MH,MHL,2021,1.5
"Marshall Islands, Rep. of the",MH,MHL,2022,0
"Marshall Islands, Rep. of the",MH,MHL,2023,0
"Marshall Islands, Rep. of the",MH,MHL,2024,0
Mauritius,MU,MUS,2006,0
Mauritius,MU,MUS,2007,0
Mauritius,MU,MUS,2008,0
Mauritius,MU,MUS,2009,0
Mauritius,MU,MUS,2010,0
Mauritius,MU,MUS,2011,0
Mauritius,MU,MUS,2012,0
Mauritius,MU,MUS,2013,0
Mauritius,MU,MUS,2014,0
Mauritius,MU,MUS,2015,0
Mauritius,MU,MUS,2016,1
Mauritius,MU,MUS,2017,1.95
Mauritius,MU,MUS,2018,0
Mauritius,MU,MUS,2019,2.770202
Mauritius,MU,MUS,2020,0.65
Mauritius,MU,MUS,2021,6.042
Mauritius,MU,MUS,2022,2.3
Mauritius,MU,MUS,2023,1.05
Mauritius,MU,MUS,2024,0
Mexico,MX,MEX,2006,0
Mexico,MX,MEX,2007,0
Mexico,MX,MEX,2008,0
Mexico,MX,MEX,2009,0
Mexico,MX,MEX,2010,0
Mexico,MX,MEX,2011,0
Mexico,MX,MEX,2012,0
Mexico,MX,MEX,2013,0
Mexico,MX,MEX,2014,0
Mexico,MX,MEX,2015,1
Mexico,MX,MEX,2016,4.230955771
Mexico,MX,MEX,2017,8.755885084
Mexico,MX,MEX,2018,0.388703865
Mexico,MX,MEX,2019,0.122687343
Mexico,MX,MEX,2020,1.689266591
Mexico,MX,MEX,2021,0.493811855
Mexico,MX,MEX,2022,0.575256823
Mexico,MX,MEX,2023,2.73795991
Mexico,MX,MEX,2024,1.743356388
Mongolia,MN,MNG,2006,0
Mongolia,MN,MNG,2007,0
Mongolia,MN,MNG,2008,0
Mongolia,MN,MNG,2009,0
Mongolia,MN,MNG,2010,0
Mongolia,MN,MNG,2011,0
Mongolia,MN,MNG,2012,0
Mongolia,MN,MNG,2013,0
Mongolia,MN,MNG,2014,0
Mongolia,MN,MNG,2015,0
Mongolia,MN,MNG,2016,0
Mongolia,MN,MNG,2017,0
Mongolia,MN,MNG,2018,0
Mongolia,MN,MNG,2019,0
Mongolia,MN,MNG,2020,0
Mongolia,MN,MNG,2021,0
Mongolia,MN,MNG,2022,0
Mongolia,MN,MNG,2023,0
Mongolia,MN,MNG,2024,0.04
Morocco,MA,MAR,2006,0
Morocco,MA,MAR,2007,0
Morocco,MA,MAR,2008,0
Morocco,MA,MAR,2009,0
Morocco,MA,MAR,2010,0
Morocco,MA,MAR,2011,0
Morocco,MA,MAR,2012,0
Morocco,MA,MAR,2013,0
Morocco,MA,MAR,2014,0
Morocco,MA,MAR,2015,0
Morocco,MA,MAR,2016,0
Morocco,MA,MAR,2017,0.013378257
Morocco,MA,MAR,2018,0
Morocco,MA,MAR,2019,0
Morocco,MA,MAR,2020,0
Morocco,MA,MAR,2021,0
Morocco,MA,MAR,2022,0.104316056
Morocco,MA,MAR,2023,0
Morocco,MA,MAR,2024,0
Namibia,NA,NAM,2006,0
Namibia,NA,NAM,2007,0
Namibia,NA,NAM,2008,0
Namibia,NA,NAM,2009,0
Namibia,NA,NAM,2010,0
Namibia,NA,NAM,2011,0
Namibia,NA,NAM,2012,0
Namibia,NA,NAM,2013,0
Namibia,NA,NAM,2014,0
Namibia,NA,NAM,2015,0
Namibia,NA,NAM,2016,0
Namibia,NA,NAM,2017,0
Namibia,NA,NAM,2018,0.003583548
Namibia,NA,NAM,2019,0
Namibia,NA,NAM,2020,0
Namibia,NA,NAM,2021,0
Namibia,NA,NAM,2022,0
Namibia,NA,NAM,2023,0
Namibia,NA,NAM,2024,0
"Netherlands, The",NL,NLD,2006,0
"Netherlands, The",NL,NLD,2007,0
"Netherlands, The",NL,NLD,2008,0
"Netherlands, The",NL,NLD,2009,0
"Netherlands, The",NL,NLD,2010,0
"Netherlands, The",NL,NLD,2011,0
"Netherlands, The",NL,NLD,2012,0
"Netherlands, The",NL,NLD,2013,0
"Netherlands, The",NL,NLD,2014,1.701120016
"Netherlands, The",NL,NLD,2015,4.792143809
"Netherlands, The",NL,NLD,2016,7.22888396
"Netherlands, The",NL,NLD,2017,10.321939311
"Netherlands, The",NL,NLD,2018,11.16165883
"Netherlands, The",NL,NLD,2019,28.271271567
"Netherlands, The",NL,NLD,2020,24.719919213
"Netherlands, The",NL,NLD,2021,33.252288706
"Netherlands, The",NL,NLD,2022,32.054240764
"Netherlands, The",NL,NLD,2023,38.226448805
"Netherlands, The",NL,NLD,2024,29.242271008
New Zealand,NZ,NZL,2006,0
New Zealand,NZ,NZL,2007,0
New Zealand,NZ,NZL,2008,0
New Zealand,NZ,NZL,2009,0
New Zealand,NZ,NZL,2010,0
New Zealand,NZ,NZL,2011,0
New Zealand,NZ,NZL,2012,0.028269989
New Zealand,NZ,NZL,2013,0.086829951
New Zealand,NZ,NZL,2014,0.124941609
New Zealand,NZ,NZL,2015,0.088289826
New Zealand,NZ,NZL,2016,0.084809969
New Zealand,NZ,NZL,2017,0.215032363
New Zealand,NZ,NZL,2018,0.360610288
New Zealand,NZ,NZL,2019,0.632859974
New Zealand,NZ,NZL,2020,0.617050096
New Zealand,NZ,NZL,2021,1.439248144
New Zealand,NZ,NZL,2022,6.583532904
New Zealand,NZ,NZL,2023,1.442566458
New Zealand,NZ,NZL,2024,1.268120983
Nigeria,NG,NGA,2006,0
Nigeria,NG,NGA,2007,0
Nigeria,NG,NGA,2008,0
Nigeria,NG,NGA,2009,0
Nigeria,NG,NGA,2010,0
Nigeria,NG,NGA,2011,0
Nigeria,NG,NGA,2012,0
Nigeria,NG,NGA,2013,0
Nigeria,NG,NGA,2014,0
Nigeria,NG,NGA,2015,0
Nigeria,NG,NGA,2016,0
Nigeria,NG,NGA,2017,0.007088671
Nigeria,NG,NGA,2018,0
Nigeria,NG,NGA,2019,0.018944918
Nigeria,NG,NGA,2020,0.167093683
Nigeria,NG,NGA,2021,5.98483e-4
Nigeria,NG,NGA,2022,0.05
Nigeria,NG,NGA,2023,0
Nigeria,NG,NGA,2024,0
Norway,NO,NOR,2006,0
Norway,NO,NOR,2007,0
Norway,NO,NOR,2008,0
Norway,NO,NOR,2009,0
Norway,NO,NOR,2010,0.132114809
Norway,NO,NOR,2011,0.02581152
Norway,NO,NOR,2012,0
Norway,NO,NOR,2013,1
Norway,NO,NOR,2014,0.327977456
Norway,NO,NOR,2015,2.30640757
Norway,NO,NOR,2016,1.194603009
Norway,NO,NOR,2017,0.748014914
Norway,NO,NOR,2018,3.176212296
Norway,NO,NOR,2019,5.345785172
Norway,NO,NOR,2020,6.33040032
Norway,NO,NOR,2021,13.225312859
Norway,NO,NOR,2022,16.069333397
Norway,NO,NOR,2023,15.103371449
Norway,NO,NOR,2024,13.202313368
Pakistan,PK,PAK,2006,0
Pakistan,PK,PAK,2007,0
Pakistan,PK,PAK,2008,0
Pakistan,PK,PAK,2009,0
Pakistan,PK,PAK,2010,0
Pakistan,PK,PAK,2011,0
Pakistan,PK,PAK,2012,0
Pakistan,PK,PAK,2013,0
Pakistan,PK,PAK,2014,0
Pakistan,PK,PAK,2015,0
Pakistan,PK,PAK,2016,0
Pakistan,PK,PAK,2017,0
Pakistan,PK,PAK,2018,0
Pakistan,PK,PAK,2019,0
Pakistan,PK,PAK,2020,0
Pakistan,PK,PAK,2021,0.5
Pakistan,PK,PAK,2022,0
Pakistan,PK,PAK,2023,0
Pakistan,PK,PAK,2024,0
Panama,PA,PAN,2006,0
Panama,PA,PAN,2007,0
Panama,PA,PAN,2008,0
Panama,PA,PAN,2009,0
Panama,PA,PAN,2010,0
Panama,PA,PAN,2011,0
Panama,PA,PAN,2012,0.037
Panama,PA,PAN,2013,0
Panama,PA,PAN,2014,0
Panama,PA,PAN,2015,0
Panama,PA,PAN,2016,0
Panama,PA,PAN,2017,0
Panama,PA,PAN,2018,0
Panama,PA,PAN,2019,0.042
Panama,PA,PAN,2020,0.535328
Panama,PA,PAN,2021,0
Panama,PA,PAN,2022,0.010229
Panama,PA,PAN,2023,0.01288
Panama,PA,PAN,2024,0
Peru,PE,PER,2006,0
Peru,PE,PER,2007,0
Peru,PE,PER,2008,0
Peru,PE,PER,2009,0
Peru,PE,PER,2010,0
Peru,PE,PER,2011,0
Peru,PE,PER,2012,0
Peru,PE,PER,2013,0
Peru,PE,PER,2014,0.408
Peru,PE,PER,2015,0
Peru,PE,PER,2016,0
Peru,PE,PER,2017,0
Peru,PE,PER,2018,0.026406126
Peru,PE,PER,2019,1.280813906
Peru,PE,PER,2020,0.2
Peru,PE,PER,2021,0
Peru,PE,PER,2022,0.03
Peru,PE,PER,2023,0
Peru,PE,PER,2024,0
Philippines,PH,PHL,2006,0
Philippines,PH,PHL,2007,0
Philippines,PH,PHL,2008,0
Philippines,PH,PHL,2009,0
Philippines,PH,PHL,2010,0.769075804
Philippines,PH,PHL,2011,0
Philippines,PH,PHL,2012,0.014366736
Philippines,PH,PHL,2013,0.058941038
Philippines,PH,PHL,2014,0
Philippines,PH,PHL,2015,0.502338831
Philippines,PH,PHL,2016,1.3
Philippines,PH,PHL,2017,1.499270573
Philippines,PH,PHL,2018,1.943137475
Philippines,PH,PHL,2019,3.590743005
Philippines,PH,PHL,2020,0.533912415
Philippines,PH,PHL,2021,1.873705376
Philippines,PH,PHL,2022,0.231502334
Philippines,PH,PHL,2023,0.144495003
Philippines,PH,PHL,2024,2.790655644
"Poland, Rep. of",PL,POL,2006,0
"Poland, Rep. of",PL,POL,2007,0
"Poland, Rep. of",PL,POL,2008,0
"Poland, Rep. of",PL,POL,2009,0
"Poland, Rep. of",PL,POL,2010,0
"Poland, Rep. of",PL,POL,2011,0
"Poland, Rep. of",PL,POL,2012,0
"Poland, Rep. of",PL,POL,2013,0
"Poland, Rep. of",PL,POL,2014,0
"Poland, Rep. of",PL,POL,2015,0
"Poland, Rep. of",PL,POL,2016,0.784346534
"Poland, Rep. of",PL,POL,2017,0
"Poland, Rep. of",PL,POL,2018,1.045795379
"Poland, Rep. of",PL,POL,2019,2.310704305
"Poland, Rep. of",PL,POL,2020,0.248416345
"Poland, Rep. of",PL,POL,2021,1.225274034
"Poland, Rep. of",PL,POL,2022,0.522897689
"Poland, Rep. of",PL,POL,2023,1.485628008
"Poland, Rep. of",PL,POL,2024,2.541881328
Portugal,PT,PRT,2006,0
Portugal,PT,PRT,2007,0
Portugal,PT,PRT,2008,0
Portugal,PT,PRT,2009,0
Portugal,PT,PRT,2010,0
Portugal,PT,PRT,2011,0
Portugal,PT,PRT,2012,0
Portugal,PT,PRT,2013,0
Portugal,PT,PRT,2014,0
Portugal,PT,PRT,2015,0
Portugal,PT,PRT,2016,0
Portugal,PT,PRT,2017,0
Portugal,PT,PRT,2018,0
Portugal,PT,PRT,2019,1.157138365
Portugal,PT,PRT,2020,1.568693068
Portugal,PT,PRT,2021,2.196170294
Portugal,PT,PRT,2022,0.993505608
Portugal,PT,PRT,2023,1.830141913
Portugal,PT,PRT,2024,2.300749832
Qatar,QA,QAT,2006,0
Qatar,QA,QAT,2007,0
Qatar,QA,QAT,2008,0
Qatar,QA,QAT,2009,0
Qatar,QA,QAT,2010,0
Qatar,QA,QAT,2011,0
Qatar,QA,QAT,2012,0
Qatar,QA,QAT,2013,0
Qatar,QA,QAT,2014,0
Qatar,QA,QAT,2015,0
Qatar,QA,QAT,2016,0
Qatar,QA,QAT,2017,0
Qatar,QA,QAT,2018,0
Qatar,QA,QAT,2019,0
Qatar,QA,QAT,2020,0
Qatar,QA,QAT,2021,0
Qatar,QA,QAT,2022,0
Qatar,QA,QAT,2023,0
Qatar,QA,QAT,2024,5
Romania,RO,ROU,2006,0
Romania,RO,ROU,2007,0
Romania,RO,ROU,2008,0
Romania,RO,ROU,2009,0
Romania,RO,ROU,2010,0
Romania,RO,ROU,2011,0
Romania,RO,ROU,2012,0
Romania,RO,ROU,2013,0
Romania,RO,ROU,2014,0
Romania,RO,ROU,2015,0
Romania,RO,ROU,2016,0
Romania,RO,ROU,2017,0
Romania,RO,ROU,2018,0
Romania,RO,ROU,2019,0
Romania,RO,ROU,2020,0
Romania,RO,ROU,2021,0.443450501
Romania,RO,ROU,2022,0.258109301
Romania,RO,ROU,2023,0.752056765
Romania,RO,ROU,2024,8.604232002
Russian Federation,RU,RUS,2006,0
Russian Federation,RU,RUS,2007,0
Russian Federation,RU,RUS,2008,0
Russian Federation,RU,RUS,2009,0
Russian Federation,RU,RUS,2010,0
Russian Federation,RU,RUS,2011,0
Russian Federation,RU,RUS,2012,0
Russian Federation,RU,RUS,2013,0
Russian Federation,RU,RUS,2014,0
Russian Federation,RU,RUS,2015,0
Russian Federation,RU,RUS,2016,0
Russian Federation,RU,RUS,2017,0
Russian Federation,RU,RUS,2018,0
Russian Federation,RU,RUS,2019,0.007342143
Russian Federation,RU,RUS,2020,1.13000096
Russian Federation,RU,RUS,2021,1.354226354
Russian Federation,RU,RUS,2022,0.728599939
Russian Federation,RU,RUS,2023,0.25990022
Russian Federation,RU,RUS,2024,0
Saudi Arabia,SA,SAU,2006,0
Saudi Arabia,SA,SAU,2007,0
Saudi Arabia,SA,SAU,2008,0
Saudi Arabia,SA,SAU,2009,0
Saudi Arabia,SA,SAU,2010,0
Saudi Arabia,SA,SAU,2011,0
Saudi Arabia,SA,SAU,2012,0
Saudi Arabia,SA,SAU,2013,0
Saudi Arabia,SA,SAU,2014,0
Saudi Arabia,SA,SAU,2015,0
Saudi Arabia,SA,SAU,2016,0
Saudi Arabia,SA,SAU,2017,0
Saudi Arabia,SA,SAU,2018,0
Saudi Arabia,SA,SAU,2019,0
Saudi Arabia,SA,SAU,2020,0
Saudi Arabia,SA,SAU,2021,1.5
Saudi Arabia,SA,SAU,2022,0
Saudi Arabia,SA,SAU,2023,0
Saudi Arabia,SA,SAU,2024,1.5
"Serbia, Rep. of",RS,SRB,2006,0
"Serbia, Rep. of",RS,SRB,2007,0
"Serbia, Rep. of",RS,SRB,2008,0
"Serbia, Rep. of",RS,SRB,2009,0
"Serbia, Rep. of",RS,SRB,2010,0
"Serbia, Rep. of",RS,SRB,2011,0
"Serbia, Rep. of",RS,SRB,2012,0
"Serbia, Rep. of",RS,SRB,2013,0
"Serbia, Rep. of",RS,SRB,2014,0
"Serbia, Rep. of",RS,SRB,2015,0
"Serbia, Rep. of",RS,SRB,2016,0
"Serbia, Rep. of",RS,SRB,2017,0
"Serbia, Rep. of",RS,SRB,2018,0
"Serbia, Rep. of",RS,SRB,2019,0
"Serbia, Rep. of",RS,SRB,2020,0
"Serbia, Rep. of",RS,SRB,2021,2.091590758
"Serbia, Rep. of",RS,SRB,2022,0
"Serbia, Rep. of",RS,SRB,2023,0
"Serbia, Rep. of",RS,SRB,2024,0
Seychelles,SC,SYC,2006,0
Seychelles,SC,SYC,2007,0
Seychelles,SC,SYC,2008,0
Seychelles,SC,SYC,2009,0
Seychelles,SC,SYC,2010,0
Seychelles,SC,SYC,2011,0
Seychelles,SC,SYC,2012,0
Seychelles,SC,SYC,2013,0
Seychelles,SC,SYC,2014,0
Seychelles,SC,SYC,2015,0
Seychelles,SC,SYC,2016,0
Seychelles,SC,SYC,2017,0
Seychelles,SC,SYC,2018,0.015
Seychelles,SC,SYC,2019,0
Seychelles,SC,SYC,2020,0
Seychelles,SC,SYC,2021,0
Seychelles,SC,SYC,2022,0
Seychelles,SC,SYC,2023,0
Seychelles,SC,SYC,2024,0
Singapore,SG,SGP,2006,0
Singapore,SG,SGP,2007,0
Singapore,SG,SGP,2008,0
Singapore,SG,SGP,2009,0
Singapore,SG,SGP,2010,0
Singapore,SG,SGP,2011,0
Singapore,SG,SGP,2012,0
Singapore,SG,SGP,2013,0
Singapore,SG,SGP,2014,0
Singapore,SG,SGP,2015,0
Singapore,SG,SGP,2016,0
Singapore,SG,SGP,2017,1.074019245
Singapore,SG,SGP,2018,0.066574091
Singapore,SG,SGP,2019,2.240850031
Singapore,SG,SGP,2020,1.423991316
Singapore,SG,SGP,2021,5.903574727
Singapore,SG,SGP,2022,9.985256675
Singapore,SG,SGP,2023,4.547572496
Singapore,SG,SGP,2024,4.871456376
Slovak Rep.,SK,SVK,2006,0
Slovak Rep.,SK,SVK,2007,0
Slovak Rep.,SK,SVK,2008,0
Slovak Rep.,SK,SVK,2009,0
Slovak Rep.,SK,SVK,2010,0
Slovak Rep.,SK,SVK,2011,0
Slovak Rep.,SK,SVK,2012,0
Slovak Rep.,SK,SVK,2013,0
Slovak Rep.,SK,SVK,2014,0
Slovak Rep.,SK,SVK,2015,0
Slovak Rep.,SK,SVK,2016,0
Slovak Rep.,SK,SVK,2017,0
Slovak Rep.,SK,SVK,2018,0
Slovak Rep.,SK,SVK,2019,0
Slovak Rep.,SK,SVK,2020,0
Slovak Rep.,SK,SVK,2021,0.474791101
Slovak Rep.,SK,SVK,2022,0.898317016
Slovak Rep.,SK,SVK,2023,0.627477226
Slovak Rep.,SK,SVK,2024,0.397486355
"Slovenia, Rep. of",SI,SVN,2006,0
"Slovenia, Rep. of",SI,SVN,2007,0
"Slovenia, Rep. of",SI,SVN,2008,0
"Slovenia, Rep. of",SI,SVN,2009,0
"Slovenia, Rep. of",SI,SVN,2010,0
"Slovenia, Rep. of",SI,SVN,2011,0
"Slovenia, Rep. of",SI,SVN,2012,0
"Slovenia, Rep. of",SI,SVN,2013,0
"Slovenia, Rep. of",SI,SVN,2014,0
"Slovenia, Rep. of",SI,SVN,2015,0
"Slovenia, Rep. of",SI,SVN,2016,0
"Slovenia, Rep. of",SI,SVN,2017,0
"Slovenia, Rep. of",SI,SVN,2018,0.078667477
"Slovenia, Rep. of",SI,SVN,2019,0
"Slovenia, Rep. of",SI,SVN,2020,0
"Slovenia, Rep. of",SI,SVN,2021,0
"Slovenia, Rep. of",SI,SVN,2022,0
"Slovenia, Rep. of",SI,SVN,2023,0.522897689
"Slovenia, Rep. of",SI,SVN,2024,0.052289768
South Africa,ZA,ZAF,2006,0
South Africa,ZA,ZAF,2007,0
South Africa,ZA,ZAF,2008,0
South Africa,ZA,ZAF,2009,0
South Africa,ZA,ZAF,2010,0
South Africa,ZA,ZAF,2011,0
South Africa,ZA,ZAF,2012,0
South Africa,ZA,ZAF,2013,0
South Africa,ZA,ZAF,2014,0.136400632
South Africa,ZA,ZAF,2015,0
South Africa,ZA,ZAF,2016,0
South Africa,ZA,ZAF,2017,0.054564601
South Africa,ZA,ZAF,2018,0.060012936
South Africa,ZA,ZAF,2019,0.147012122
South Africa,ZA,ZAF,2020,0.2
South Africa,ZA,ZAF,2021,0.145087274
South Africa,ZA,ZAF,2022,0.77056512
South Africa,ZA,ZAF,2023,0.767505682
South Africa,ZA,ZAF,2024,0.323349826
Spain,ES,ESP,2006,0
Spain,ES,ESP,2007,0
Spain,ES,ESP,2008,0
Spain,ES,ESP,2009,0
Spain,ES,ESP,2010,0
Spain,ES,ESP,2011,0
Spain,ES,ESP,2012,0
Spain,ES,ESP,2013,0
Spain,ES,ESP,2014,1.15427155
Spain,ES,ESP,2015,0
Spain,ES,ESP,2016,3.487379557
Spain,ES,ESP,2017,6.181060486
Spain,ES,ESP,2018,4.020036281
Spain,ES,ESP,2019,7.230203609
Spain,ES,ESP,2020,9.647151136
Spain,ES,ESP,2021,29.729031215
Spain,ES,ESP,2022,13.255997921
Spain,ES,ESP,2023,11.800820648
Spain,ES,ESP,2024,12.643324351
Sweden,SE,SWE,2006,0
Sweden,SE,SWE,2007,0
Sweden,SE,SWE,2008,0
Sweden,SE,SWE,2009,0
Sweden,SE,SWE,2010,0
Sweden,SE,SWE,2011,0
Sweden,SE,SWE,2012,0
Sweden,SE,SWE,2013,0.165969622
Sweden,SE,SWE,2014,1.444350159
Sweden,SE,SWE,2015,1.490990296
Sweden,SE,SWE,2016,3.460253358
Sweden,SE,SWE,2017,4.297562097
Sweden,SE,SWE,2018,6.679100718
Sweden,SE,SWE,2019,12.946731512
Sweden,SE,SWE,2020,13.787777937
Sweden,SE,SWE,2021,17.774744399
Sweden,SE,SWE,2022,15.777209908
Sweden,SE,SWE,2023,20.206636151
Sweden,SE,SWE,2024,23.029787721
Switzerland,CH,CHE,2006,0
Switzerland,CH,CHE,2007,0
Switzerland,CH,CHE,2008,0
Switzerland,CH,CHE,2009,0
Switzerland,CH,CHE,2010,0
Switzerland,CH,CHE,2011,0
Switzerland,CH,CHE,2012,0
Switzerland,CH,CHE,2013,0
Switzerland,CH,CHE,2014,0
Switzerland,CH,CHE,2015,0.166112956
Switzerland,CH,CHE,2016,0.886655264
Switzerland,CH,CHE,2017,0.874725184
Switzerland,CH,CHE,2018,1.428589803
Switzerland,CH,CHE,2019,4.842317262
Switzerland,CH,CHE,2020,3.03803512
Switzerland,CH,CHE,2021,3.064435052
Switzerland,CH,CHE,2022,5.430428611
Switzerland,CH,CHE,2023,4.231482851
Switzerland,CH,CHE,2024,3.380108802
Taiwan Province of China,TW,TWN,2006,0
Taiwan Province of China,TW,TWN,2007,0
Taiwan Province of China,TW,TWN,2008,0
Taiwan Province of China,TW,TWN,2009,0
Taiwan Province of China,TW,TWN,2010,0
Taiwan Province of China,TW,TWN,2011,0
Taiwan Province of China,TW,TWN,2012,0
Taiwan Province of China,TW,TWN,2013,0
Taiwan Province of China,TW,TWN,2014,0
Taiwan Province of China,TW,TWN,2015,0
Taiwan Province of China,TW,TWN,2016,0
Taiwan Province of China,TW,TWN,2017,0.508628174
Taiwan Province of China,TW,TWN,2018,0.685174155
Taiwan Province of China,TW,TWN,2019,0.851530861
Taiwan Province of China,TW,TWN,2020,1.276288478
Taiwan Province of China,TW,TWN,2021,0.77482711
Taiwan Province of China,TW,TWN,2022,1.94331478
Taiwan Province of China,TW,TWN,2023,2.698840668
Taiwan Province of China,TW,TWN,2024,3.119039457
Thailand,TH,THA,2006,0
Thailand,TH,THA,2007,0
Thailand,TH,THA,2008,0
Thailand,TH,THA,2009,0
Thailand,TH,THA,2010,0
Thailand,TH,THA,2011,0
Thailand,TH,THA,2012,0
Thailand,TH,THA,2013,0
Thailand,TH,THA,2014,0
Thailand,TH,THA,2015,0
Thailand,TH,THA,2016,0
Thailand,TH,THA,2017,0
Thailand,TH,THA,2018,0.099910527
Thailand,TH,THA,2019,0.680708973
Thailand,TH,THA,2020,0.878528007
Thailand,TH,THA,2021,0.850064208
Thailand,TH,THA,2022,0.815714128
Thailand,TH,THA,2023,0.860931821
Thailand,TH,THA,2024,0.172997215
"Türkiye, Rep. of",TR,TUR,2006,0
"Türkiye, Rep. of",TR,TUR,2007,0
"Türkiye, Rep. of",TR,TUR,2008,0
"Türkiye, Rep. of",TR,TUR,2009,0
"Türkiye, Rep. of",TR,TUR,2010,0
"Türkiye, Rep. of",TR,TUR,2011,0
"Türkiye, Rep. of",TR,TUR,2012,0
"Türkiye, Rep. of",TR,TUR,2013,0
"Türkiye, Rep. of",TR,TUR,2014,0
"Türkiye, Rep. of",TR,TUR,2015,0
"Türkiye, Rep. of",TR,TUR,2016,0
"Türkiye, Rep. of",TR,TUR,2017,0
"Türkiye, Rep. of",TR,TUR,2018,0
"Türkiye, Rep. of",TR,TUR,2019,0.1
"Türkiye, Rep. of",TR,TUR,2020,0.1
"Türkiye, Rep. of",TR,TUR,2021,1.929028382
"Türkiye, Rep. of",TR,TUR,2022,0.049736332
"Türkiye, Rep. of",TR,TUR,2023,4.006742984
"Türkiye, Rep. of",TR,TUR,2024,0.05
Ukraine,UA,UKR,2006,0
Ukraine,UA,UKR,2007,0
Ukraine,UA,UKR,2008,0
Ukraine,UA,UKR,2009,0
Ukraine,UA,UKR,2010,0
Ukraine,UA,UKR,2011,0
Ukraine,UA,UKR,2012,0
Ukraine,UA,UKR,2013,0
Ukraine,UA,UKR,2014,0
Ukraine,UA,UKR,2015,0
Ukraine,UA,UKR,2016,0
Ukraine,UA,UKR,2017,0
Ukraine,UA,UKR,2018,0
Ukraine,UA,UKR,2019,0
Ukraine,UA,UKR,2020,0
Ukraine,UA,UKR,2021,1.65
Ukraine,UA,UKR,2022,0
Ukraine,UA,UKR,2023,0
Ukraine,UA,UKR,2024,0
United Arab Emirates,AE,ARE,2006,0
United Arab Emirates,AE,ARE,2007,0
United Arab Emirates,AE,ARE,2008,0
United Arab Emirates,AE,ARE,2009,0
United Arab Emirates,AE,ARE,2010,0
United Arab Emirates,AE,ARE,2011,0
United Arab Emirates,AE,ARE,2012,0
United Arab Emirates,AE,ARE,2013,0
United Arab Emirates,AE,ARE,2014,0
United Arab Emirates,AE,ARE,2015,0.35
United Arab Emirates,AE,ARE,2016,1
United Arab Emirates,AE,ARE,2017,0.587
United Arab Emirates,AE,ARE,2018,0
United Arab Emirates,AE,ARE,2019,0.07
United Arab Emirates,AE,ARE,2020,0.096531308
United Arab Emirates,AE,ARE,2021,0.598419855
United Arab Emirates,AE,ARE,2022,3.689750289
United Arab Emirates,AE,ARE,2023,8.670686611
United Arab Emirates,AE,ARE,2024,5
United Kingdom,GB,GBR,2006,0
United Kingdom,GB,GBR,2007,0
United Kingdom,GB,GBR,2008,0
United Kingdom,GB,GBR,2009,0
United Kingdom,GB,GBR,2010,0.01632749
United Kingdom,GB,GBR,2011,0.010805281
United Kingdom,GB,GBR,2012,0.00385466
United Kingdom,GB,GBR,2013,0.669439669
United Kingdom,GB,GBR,2014,0.359646998
United Kingdom,GB,GBR,2015,0.910180249
United Kingdom,GB,GBR,2016,1.512518854
United Kingdom,GB,GBR,2017,2.784473453
United Kingdom,GB,GBR,2018,7.996126594
United Kingdom,GB,GBR,2019,7.911940613
United Kingdom,GB,GBR,2020,6.076582063
United Kingdom,GB,GBR,2021,97.629949702
United Kingdom,GB,GBR,2022,8.134788286
United Kingdom,GB,GBR,2023,11.64511339
United Kingdom,GB,GBR,2024,16.735980741
United States,US,USA,2006,0
United States,US,USA,2007,0
United States,US,USA,2008,0.343569012
United States,US,USA,2009,0.61
United States,US,USA,2010,1.151679188
United States,US,USA,2011,0.678707275
United States,US,USA,2012,0.772137106
United States,US,USA,2013,5.199602176
United States,US,USA,2014,5.105762963
United States,US,USA,2015,10.303704458
United States,US,USA,2016,13.619843179
United States,US,USA,2017,6.281419188
United States,US,USA,2018,13.361043632
United States,US,USA,2019,27.194339313
United States,US,USA,2020,33.747554798
United States,US,USA,2021,57.54132869
United States,US,USA,2022,32.710028679
United States,US,USA,2023,40.519075831
United States,US,USA,2024,28.553302708
"Uzbekistan, Rep. of",UZ,UZB,2006,0
"Uzbekistan, Rep. of",UZ,UZB,2007,0
"Uzbekistan, Rep. of",UZ,UZB,2008,0
"Uzbekistan, Rep. of",UZ,UZB,2009,0
"Uzbekistan, Rep. of",UZ,UZB,2010,0
"Uzbekistan, Rep. of",UZ,UZB,2011,0
"Uzbekistan, Rep. of",UZ,UZB,2012,0
"Uzbekistan, Rep. of",UZ,UZB,2013,0
"Uzbekistan, Rep. of",UZ,UZB,2014,0
"Uzbekistan, Rep. of",UZ,UZB,2015,0
"Uzbekistan, Rep. of",UZ,UZB,2016,0
"Uzbekistan, Rep. of",UZ,UZB,2017,0
"Uzbekistan, Rep. of",UZ,UZB,2018,0
"Uzbekistan, Rep. of",UZ,UZB,2019,0
"Uzbekistan, Rep. of",UZ,UZB,2020,0
"Uzbekistan, Rep. of",UZ,UZB,2021,0
"Uzbekistan, Rep. of",UZ,UZB,2022,0
"Uzbekistan, Rep. of",UZ,UZB,2023,0.659937888
"Uzbekistan, Rep. of",UZ,UZB,2024,0.908292532
"Venezuela, Rep. Bolivariana de",VE,VEN,2006,0
"Venezuela, Rep. Bolivariana de",VE,VEN,2007,0
"Venezuela, Rep. Bolivariana de",VE,VEN,2008,0
"Venezuela, Rep. Bolivariana de",VE,VEN,2009,0
"Venezuela, Rep. Bolivariana de",VE,VEN,2010,0
"Venezuela, Rep. Bolivariana de",VE,VEN,2011,0
"Venezuela, Rep. Bolivariana de",VE,VEN,2012,0
"Venezuela, Rep. Bolivariana de",VE,VEN,2013,0
"Venezuela, Rep. Bolivariana de",VE,VEN,2014,0
"Venezuela, Rep. Bolivariana de",VE,VEN,2015,0
"Venezuela, Rep. Bolivariana de",VE,VEN,2016,0
"Venezuela, Rep. Bolivariana de",VE,VEN,2017,0
"Venezuela, Rep. Bolivariana de",VE,VEN,2018,0.112098448
"Venezuela, Rep. Bolivariana de",VE,VEN,2019,0.784346534
"Venezuela, Rep. Bolivariana de",VE,VEN,2020,0.389885262
"Venezuela, Rep. Bolivariana de",VE,VEN,2021,0
"Venezuela, Rep. Bolivariana de",VE,VEN,2022,0.389885262
"Venezuela, Rep. Bolivariana de",VE,VEN,2023,0.250560467
"Venezuela, Rep. Bolivariana de",VE,VEN,2024,0
Vietnam,VN,VNM,2006,0
Vietnam,VN,VNM,2007,0
Vietnam,VN,VNM,2008,0
Vietnam,VN,VNM,2009,0
Vietnam,VN,VNM,2010,0
Vietnam,VN,VNM,2011,0
Vietnam,VN,VNM,2012,0
Vietnam,VN,VNM,2013,0
Vietnam,VN,VNM,2014,0
Vietnam,VN,VNM,2015,0
Vietnam,VN,VNM,2016,0.14121369
Vietnam,VN,VNM,2017,0
Vietnam,VN,VNM,2018,0
Vietnam,VN,VNM,2019,0
Vietnam,VN,VNM,2020,0
Vietnam,VN,VNM,2021,0.2
Vietnam,VN,VNM,2022,0.06762054
Vietnam,VN,VNM,2023,0
Vietnam,VN,VNM,2024,0.078864353
